国,ポジション,選手名,所属チーム名,チームランキング,チームパワー,エリア,小さい
イングランド,MF,エベレチ・エゼ,アーセナル,1,100,ヨーロッパ,イングランド
イングランド,MF,デクラン・ライス,アーセナル,1,100,ヨーロッパ,イングランド
イングランド,FW,ノニ・マドゥエケ,アーセナル,1,100,ヨーロッパ,イングランド
イングランド,FW,ブカヨ・サカ,アーセナル,1,100,ヨーロッパ,イングランド
エクアドル,DF,ピエロ・インカピエ,アーセナル,1,100,ヨーロッパ,イングランド
スウェーデン,FW,ヴィクトル・ギェケレシュ,アーセナル,1,100,ヨーロッパ,イングランド
スペイン,GK,ダビド・ラヤ,アーセナル,1,100,ヨーロッパ,イングランド
スペイン,MF,マルティン・スビメンディ,アーセナル,1,100,ヨーロッパ,イングランド
スペイン,MF,ミケル・メリーノ,アーセナル,1,100,ヨーロッパ,イングランド
ドイツ,MF,カイ・ハヴェルツ,アーセナル,1,100,ヨーロッパ,イングランド
ノルウェー,MF,マルティン・ウーデゴール,アーセナル,1,100,ヨーロッパ,イングランド
ブラジル,DF,ガブリエウ・マガリャンイス,アーセナル,1,100,ヨーロッパ,イングランド
ブラジル,FW,ガブリエウ・マルティネッリ,アーセナル,1,100,ヨーロッパ,イングランド
フランス,DF,ウィリアン・サリバ,アーセナル,1,100,ヨーロッパ,イングランド
ベルギー,FW,レアンドロ・トロサール,アーセナル,1,100,ヨーロッパ,イングランド
イングランド,FW,ハリー・ケイン,バイエルン・ミュンヘン,2,100,ヨーロッパ,ドイツ
オーストリア,MF,コンラート・ライマー,バイエルン・ミュンヘン,2,100,ヨーロッパ,ドイツ
カナダ,DF,アルフォンソ・デイヴィス,バイエルン・ミュンヘン,2,100,ヨーロッパ,ドイツ
クロアチア,DF,ヨシプ・スタニシッチ,バイエルン・ミュンヘン,2,100,ヨーロッパ,ドイツ
コロンビア,FW,ルイス・ディアス,バイエルン・ミュンヘン,2,100,ヨーロッパ,ドイツ
セネガル,FW,ニコラス・ジャクソン,バイエルン・ミュンヘン,2,100,ヨーロッパ,ドイツ
セネガル,MF,バラ・サポコ・エンディアイェ,バイエルン・ミュンヘン,2,100,ヨーロッパ,ドイツ
ドイツ,MF,アレクサンダル・パブロヴィッチ,バイエルン・ミュンヘン,2,100,ヨーロッパ,ドイツ
ドイツ,MF,ジャマル・ムシアラ,バイエルン・ミュンヘン,2,100,ヨーロッパ,ドイツ
ドイツ,GK,マヌエル・ノイアー,バイエルン・ミュンヘン,2,100,ヨーロッパ,ドイツ
ドイツ,DF,ヨシュア・キミッヒ,バイエルン・ミュンヘン,2,100,ヨーロッパ,ドイツ
ドイツ,DF,ヨナサン・ター,バイエルン・ミュンヘン,2,100,ヨーロッパ,ドイツ
ドイツ,MF,レオン・ゴレツカ,バイエルン・ミュンヘン,2,100,ヨーロッパ,ドイツ
フランス,DF,ダヨ・ウパメカノ,バイエルン・ミュンヘン,2,100,ヨーロッパ,ドイツ
フランス,FW,マイケル・オリーセ,バイエルン・ミュンヘン,2,100,ヨーロッパ,ドイツ
韓国,DF,キム・ミンジェ,バイエルン・ミュンヘン,2,100,ヨーロッパ,ドイツ
アルジェリア,DF,ラヤン・アイト＝ヌーリ,マンチェスター・シティ,3,98.3,ヨーロッパ,イングランド
イングランド,GK,ジェームズ・トラッフォード,マンチェスター・シティ,3,98.3,ヨーロッパ,イングランド
イングランド,DF,ジョン・ストーンズ,マンチェスター・シティ,3,98.3,ヨーロッパ,イングランド
イングランド,DF,ニコ・オライリー,マンチェスター・シティ,3,98.3,ヨーロッパ,イングランド
イングランド,DF,マーク・グエイ,マンチェスター・シティ,3,98.3,ヨーロッパ,イングランド
ウズベキスタン,DF,アブドゥコディル・フサノフ,マンチェスター・シティ,3,98.3,ヨーロッパ,イングランド
エジプト,FW,オマル・マルムシュ,マンチェスター・シティ,3,98.3,ヨーロッパ,イングランド
オランダ,MF,タイアニ・ラインデルス,マンチェスター・シティ,3,98.3,ヨーロッパ,イングランド
オランダ,DF,ナタン・アケ,マンチェスター・シティ,3,98.3,ヨーロッパ,イングランド
ガーナ,FW,アントワーヌ・セメンヨ,マンチェスター・シティ,3,98.3,ヨーロッパ,イングランド
クロアチア,MF,マテオ・コヴァチッチ,マンチェスター・シティ,3,98.3,ヨーロッパ,イングランド
クロアチア,DF,ヨシュコ・グヴァルディオル,マンチェスター・シティ,3,98.3,ヨーロッパ,イングランド
スペイン,MF,ロドリ,マンチェスター・シティ,3,98.3,ヨーロッパ,イングランド
ノルウェー,FW,アーリング・ハーランド,マンチェスター・シティ,3,98.3,ヨーロッパ,イングランド
フランス,FW,ラヤン・シェルキ,マンチェスター・シティ,3,98.3,ヨーロッパ,イングランド
ベルギー,FW,ジェレミー・ドク,マンチェスター・シティ,3,98.3,ヨーロッパ,イングランド
ポルトガル,MF,ベルナルド・シウバ,マンチェスター・シティ,3,98.3,ヨーロッパ,イングランド
ポルトガル,DF,マテウス・ヌネス,マンチェスター・シティ,3,98.3,ヨーロッパ,イングランド
日本,DF,伊藤洋輝,マンチェスター・シティ,3,98.3,ヨーロッパ,イングランド
エクアドル,DF,ウィリアン・パチョ,パリ・サンジェルマン,4,97.6,ヨーロッパ,フランス
スペイン,MF,ファビアン・ルイス,パリ・サンジェルマン,4,97.6,ヨーロッパ,フランス
セネガル,FW,イブラヒム・エンバイェ,パリ・サンジェルマン,4,97.6,ヨーロッパ,フランス
チュニジア,FW,ハリル・アヤリ,パリ・サンジェルマン,4,97.6,ヨーロッパ,フランス
ブラジル,DF,マルキーニョス,パリ・サンジェルマン,4,97.6,ヨーロッパ,フランス
フランス,MF,ウォーレン・ザイール＝エメリ,パリ・サンジェルマン,4,97.6,ヨーロッパ,フランス
フランス,FW,ウスマン・デンベレ,パリ・サンジェルマン,4,97.6,ヨーロッパ,フランス
フランス,FW,デジレ・ドゥエ,パリ・サンジェルマン,4,97.6,ヨーロッパ,フランス
フランス,FW,ブラッドリー・バルコラ,パリ・サンジェルマン,4,97.6,ヨーロッパ,フランス
フランス,DF,リュカ・エルナンデス,パリ・サンジェルマン,4,97.6,ヨーロッパ,フランス
ポルトガル,DF,ルベン・ディアス,パリ・サンジェルマン,4,97.6,ヨーロッパ,フランス
ポルトガル,MF,ヴィティーニャ,パリ・サンジェルマン,4,97.6,ヨーロッパ,フランス
ポルトガル,FW,ゴンサロ・ラモス,パリ・サンジェルマン,4,97.6,ヨーロッパ,フランス
ポルトガル,MF,ジョアン・ネヴェス,パリ・サンジェルマン,4,97.6,ヨーロッパ,フランス
ポルトガル,DF,ヌーノ・メンデス,パリ・サンジェルマン,4,97.6,ヨーロッパ,フランス
モロッコ,DF,アクラフ・ハキミ,パリ・サンジェルマン,4,97.6,ヨーロッパ,フランス
イングランド,FW,マーカス・ラッシュフォード,バルセロナ,5,96.4,ヨーロッパ,スペイン
イングランド,FW,アンソニー・ゴードン,バルセロナ,5,96.4,ヨーロッパ,スペイン
ウルグアイ,DF,ロナルド・アラウホ,バルセロナ,5,96.4,ヨーロッパ,スペイン
エジプト,FW,ハムザ・アブデルカリム,バルセロナ,5,96.4,ヨーロッパ,スペイン
オランダ,MF,フレンキー・デ・ヨング,バルセロナ,5,96.4,ヨーロッパ,スペイン
スペイン,DF,エリック・ガルシア,バルセロナ,5,96.4,ヨーロッパ,スペイン
スペイン,MF,ガビ,バルセロナ,5,96.4,ヨーロッパ,スペイン
スペイン,GK,ジョアン・ガルシア,バルセロナ,5,96.4,ヨーロッパ,スペイン
スペイン,MF,ダニ・オルモ,バルセロナ,5,96.4,ヨーロッパ,スペイン
スペイン,DF,パウ・クバルシ,バルセロナ,5,96.4,ヨーロッパ,スペイン
スペイン,FW,フェラン・トーレス,バルセロナ,5,96.4,ヨーロッパ,スペイン
スペイン,MF,ペドリ,バルセロナ,5,96.4,ヨーロッパ,スペイン
スペイン,FW,ラミン・ヤマル,バルセロナ,5,96.4,ヨーロッパ,スペイン
ブラジル,FW,ハフィーニャ,バルセロナ,5,96.4,ヨーロッパ,スペイン
フランス,DF,ジュール・クンデ,バルセロナ,5,96.4,ヨーロッパ,スペイン
韓国,MF,イ・ガンイン,パリ・サンジェルマン,5,96.4,ヨーロッパ,フランス
アルゼンチン,DF,リサンドロ・マルティネス,マンチェスター・ユナイテッド,6,96.2,ヨーロッパ,イングランド
イングランド,MF,コビー・メイヌー,マンチェスター・ユナイテッド,6,96.2,ヨーロッパ,イングランド
ウルグアイ,MF,マヌエル・ウガルテ,マンチェスター・ユナイテッド,6,96.2,ヨーロッパ,イングランド
コートジボワール,FW,アマド・ディアロ,マンチェスター・ユナイテッド,6,96.2,ヨーロッパ,イングランド
スコットランド,MF,タイラー・フレッチャー,マンチェスター・ユナイテッド,6,96.2,ヨーロッパ,イングランド
トルコ,GK,アルタイ・バユンドゥル,マンチェスター・ユナイテッド,6,96.2,ヨーロッパ,イングランド
ブラジル,MF,カゼミーロ,マンチェスター・ユナイテッド,6,96.2,ヨーロッパ,イングランド
ブラジル,FW,マテウス・クーニャ,マンチェスター・ユナイテッド,6,96.2,ヨーロッパ,イングランド
ベルギー,GK,センネ・ラメンス,マンチェスター・ユナイテッド,6,96.2,ヨーロッパ,イングランド
ポルトガル,DF,ジョアン・カンセロ,マンチェスター・ユナイテッド,6,96.2,ヨーロッパ,イングランド
ポルトガル,DF,ディオゴ・ダロト,マンチェスター・ユナイテッド,6,96.2,ヨーロッパ,イングランド
ポルトガル,MF,ブルーノ・フェルナンデス,マンチェスター・ユナイテッド,6,96.2,ヨーロッパ,イングランド
アルゼンチン,GK,エミリアーノ・マルティネス,アストン・ヴィラ,7,95.3,ヨーロッパ,イングランド
イングランド,DF,エズリ・コンサ,アストン・ヴィラ,7,95.3,ヨーロッパ,イングランド
イングランド,FW,オリー・ワトキンス,アストン・ヴィラ,7,95.3,ヨーロッパ,イングランド
イングランド,MF,モーガン・ロジャーズ,アストン・ヴィラ,7,95.3,ヨーロッパ,イングランド
スウェーデン,DF,ヴィクトル・リンデレフ,アストン・ヴィラ,7,95.3,ヨーロッパ,イングランド
スコットランド,MF,ジョン・マッギン,アストン・ヴィラ,7,95.3,ヨーロッパ,イングランド
フランス,DF,リュカ・ディーニュ,アストン・ヴィラ,7,95.3,ヨーロッパ,イングランド
ベルギー,MF,アマドゥ・オナナ,アストン・ヴィラ,7,95.3,ヨーロッパ,イングランド
モロッコ,DF,ヌサイル・マズラウィ,アストン・ヴィラ,7,95.3,ヨーロッパ,イングランド
イングランド,MF,ジュード・ベリンガム,レアル・マドリード,8,95.3,ヨーロッパ,スペイン
ウルグアイ,MF,フェデリコ・バルベルデ,レアル・マドリード,8,95.3,ヨーロッパ,スペイン
オーストリア,DF,ダヴィド・アラバ,レアル・マドリード,8,95.3,ヨーロッパ,スペイン
ドイツ,DF,アントニオ・リュディガー,レアル・マドリード,8,95.3,ヨーロッパ,スペイン
トルコ,FW,アルダ・ギュレル,レアル・マドリード,8,95.3,ヨーロッパ,スペイン
ブラジル,FW,ヴィニシウス・ジュニオール,レアル・マドリード,8,95.3,ヨーロッパ,スペイン
フランス,MF,オーレリアン・チュアメニ,レアル・マドリード,8,95.3,ヨーロッパ,スペイン
フランス,FW,キリアン・エンバペ,レアル・マドリード,8,95.3,ヨーロッパ,スペイン
ベルギー,MF,ユーリ・ティーレマンス,レアル・マドリード,8,95.3,ヨーロッパ,スペイン
ベルギー,GK,ティボー・クルトワ,レアル・マドリード,8,95.3,ヨーロッパ,スペイン
アルゼンチン,FW,ラウタロ・マルティネス,インテル,9,94.9,ヨーロッパ,イタリア
オランダ,DF,デンゼル・ダンフリース,インテル,9,94.9,ヨーロッパ,イタリア
クロアチア,MF,ペタル・スチッチ,インテル,9,94.9,ヨーロッパ,イタリア
コートジボワール,FW,アンジュ＝ヨアン・ボニー,インテル,9,94.9,ヨーロッパ,イタリア
スイス,DF,マヌエル・アカンジ,インテル,9,94.9,ヨーロッパ,イタリア
トルコ,MF,ハカン・チャルハノール,インテル,9,94.9,ヨーロッパ,イタリア
モロッコ,FW,ブラヒム・ディアス,インテル,9,94.9,ヨーロッパ,イタリア
アルゼンチン,MF,アレクシス・マック・アリスター,リヴァプール,10,94.8,ヨーロッパ,イングランド
エジプト,FW,モハメド・サラー,リヴァプール,10,94.8,ヨーロッパ,イングランド
オランダ,FW,コーディ・ガクポ,リヴァプール,10,94.8,ヨーロッパ,イングランド
オランダ,DF,フィルジル・ファン・ダイク,リヴァプール,10,94.8,ヨーロッパ,イングランド
オランダ,MF,ライアン・フラーフェンベルフ,リヴァプール,10,94.8,ヨーロッパ,イングランド
スウェーデン,FW,アレクサンデル・イサク,リヴァプール,10,94.8,ヨーロッパ,イングランド
スコットランド,DF,アンドリュー・ロバートソン,リヴァプール,10,94.8,ヨーロッパ,イングランド
ドイツ,FW,フロリアン・ヴィルツ,リヴァプール,10,94.8,ヨーロッパ,イングランド
ブラジル,GK,アリソン,リヴァプール,10,94.8,ヨーロッパ,イングランド
フランス,FW,マルクス・テュラム,リヴァプール,10,94.8,ヨーロッパ,イングランド
アルジェリア,DF,ラミ・ベンセバイニ,ボーンマス,11,94.8,ヨーロッパ,イングランド
オーストリア,MF,カーニー・チュクエメカ,ボーンマス,11,94.8,ヨーロッパ,イングランド
オーストリア,MF,マルセル・ザビッツァードルトムント,ボーンマス,11,94.8,ヨーロッパ,イングランド
スイス,GK,グレゴール・コーベル,ボーンマス,11,94.8,ヨーロッパ,イングランド
スウェーデン,DF,ダニエル・スヴェンソン,ボーンマス,11,94.8,ヨーロッパ,イングランド
フランス,DF,イブラヒマ・コナテ,ボーンマス,11,94.8,ヨーロッパ,イングランド
アメリカ,MF,タイラー・アダムス,ブライトン,12,93.8,ヨーロッパ,イングランド
アルゼンチン,DF,マルコス・セネシ,ブライトン,12,93.8,ヨーロッパ,イングランド
ドイツ,DF,ヴァルデマル・アントン,ブライトン,12,93.8,ヨーロッパ,イングランド
ドイツ,DF,ニコ・シュロッターベック,ブライトン,12,93.8,ヨーロッパ,イングランド
ドイツ,MF,フェリックス・ンメチャ,ブライトン,12,93.8,ヨーロッパ,イングランド
ドイツ,FW,マクシミリアン・バイアー,ブライトン,12,93.8,ヨーロッパ,イングランド
トルコ,MF,サリフ・エズジャン,ブライトン,12,93.8,ヨーロッパ,イングランド
ノルウェー,DF,ユリアン・リエルソン,ブライトン,12,93.8,ヨーロッパ,イングランド
オランダ,MF,ジャスティン・クライファート,ニューカッスル・ユナイテッド,13,93.3,ヨーロッパ,イングランド
オランダ,GK,バルト・フェルブルッヘン,ニューカッスル・ユナイテッド,13,93.3,ヨーロッパ,イングランド
オランダ,MF,マッツ・ウィーファー,ニューカッスル・ユナイテッド,13,93.3,ヨーロッパ,イングランド
スコットランド,MF,ベン・ギャノン＝ドーク,ニューカッスル・ユナイテッド,13,93.3,ヨーロッパ,イングランド
スコットランド,MF,ライアン・クリスティー,ニューカッスル・ユナイテッド,13,93.3,ヨーロッパ,イングランド
ブラジル,FW,ハイアン,ニューカッスル・ユナイテッド,13,93.3,ヨーロッパ,イングランド
オランダ,DF,ヤン・ポール・ファン・ヘッケ,ブレントフォード,14,93.2,ヨーロッパ,イングランド
スウェーデン,MF,ヤシン・アヤリ,ブレントフォード,14,93.2,ヨーロッパ,イングランド
ドイツ,MF,パスカル・グロス,ブレントフォード,14,93.2,ヨーロッパ,イングランド
トルコ,DF,フェルディ・カディオグル,ブレントフォード,14,93.2,ヨーロッパ,イングランド
イングランド,DF,ダン・バーン,ドルトムント,15,93,ヨーロッパ,ドイツ
ウルグアイ,MF,マクシミリアーノ・アラウホ,ドルトムント,15,93,ヨーロッパ,ドイツ
コートジボワール,DF,ウスマン・ディオマンデ,ドルトムント,15,93,ヨーロッパ,ドイツ
コロンビア,FW,ルイス・スアレス,ドルトムント,15,93,ヨーロッパ,ドイツ
コンゴ民主共和国,FW,ヨアン・ウィサ,ドルトムント,15,93,ヨーロッパ,ドイツ
スウェーデン,FW,アントニー・エランガ,ドルトムント,15,93,ヨーロッパ,ドイツ
ドイツ,FW,ニック・ヴォルテマデ,ドルトムント,15,93,ヨーロッパ,ドイツ
ドイツ,DF,マリック・ティアウ,ドルトムント,15,93,ヨーロッパ,ドイツ
パラグアイ,MF,ディエゴ・ゴメス,ドルトムント,15,93,ヨーロッパ,ドイツ
ブラジル,MF,ブルーノ・ギマランイス,ドルトムント,15,93,ヨーロッパ,ドイツ
ベルギー,DF,マキシム・デ・カイペル,ドルトムント,15,93,ヨーロッパ,ドイツ
イングランド,MF,ジョーダン・ヘンダーソン,ベンフィカ,16,93,ヨーロッパ,ポルトガル
スコットランド,DF,アーロン・ヒッキー,ベンフィカ,16,93,ヨーロッパ,ポルトガル
ノルウェー,DF,クリストフェル_アイエル,ベンフィカ,16,93,ヨーロッパ,ポルトガル
ブラジル,FW,イゴール・チアゴ,ベンフィカ,16,93,ヨーロッパ,ポルトガル
ベルギー,DF,ゼノ・デバスト,ベンフィカ,16,93,ヨーロッパ,ポルトガル
ポルトガル,DF,ゴンサロ・イナシオ,ベンフィカ,16,93,ヨーロッパ,ポルトガル
ポルトガル,FW,フランシスコ・トリンコン,ベンフィカ,16,93,ヨーロッパ,ポルトガル
ポルトガル,GK,ルイ・シルヴァ,ベンフィカ,16,93,ヨーロッパ,ポルトガル
アルゼンチン,DF,ニコラス・オタメンディ,スポルティングCP,17,92.9,ヨーロッパ,ポルトガル
カーボベルデ,DF,シドニー・ロペス・カブラル,スポルティングCP,17,92.9,ヨーロッパ,ポルトガル
コロンビア,MF,リチャルド・リオス,スポルティングCP,17,92.9,ヨーロッパ,ポルトガル
ノルウェー,MF,アンドレアス・シェルデルップ,スポルティングCP,17,92.9,ヨーロッパ,ポルトガル
ノルウェー,MF,フレドリク・アウルスネス,スポルティングCP,17,92.9,ヨーロッパ,ポルトガル
ベルギー,FW,ドディ・ルケバキオ,スポルティングCP,17,92.9,ヨーロッパ,ポルトガル
ボスニア・ヘルツェゴビナ,DF,アマル・デディッチ,スポルティングCP,17,92.9,ヨーロッパ,ポルトガル
アルゼンチン,MF,エンソ・フェルナンデス,チェルシー,18,92.8,ヨーロッパ,イングランド
イングランド,MF,エリオット・アンダーソン,チェルシー,18,92.8,ヨーロッパ,イングランド
イングランド,DF,トレヴォ・チャロバー,チェルシー,18,92.8,ヨーロッパ,イングランド
イングランド,DF,リース・ジェームズ,チェルシー,18,92.8,ヨーロッパ,イングランド
エクアドル,MF,モイセス・カイセド,チェルシー,18,92.8,ヨーロッパ,イングランド
コートジボワール,MF,イブラヒム・サンガレ,チェルシー,18,92.8,ヨーロッパ,イングランド
スイス,FW,ダン・エンドイェ,チェルシー,18,92.8,ヨーロッパ,イングランド
スコットランド,GK,アンガス・ガン,チェルシー,18,92.8,ヨーロッパ,イングランド
ニュージーランド,FW,クリス・ウッド,チェルシー,18,92.8,ヨーロッパ,イングランド
ポルトガル,DF,トマス・アラウージョ,チェルシー,18,92.8,ヨーロッパ,イングランド
オランダ,DF,ヨレル・ハト,ノッティンガム・フォレスト,19,92.6,ヨーロッパ,イングランド
スペイン,DF,マルク・ククレジャ,ノッティンガム・フォレスト,19,92.6,ヨーロッパ,イングランド
セネガル,DF,ママドゥ・サール,ノッティンガム・フォレスト,19,92.6,ヨーロッパ,イングランド
フランス,DF,マロ・ギュスト,ノッティンガム・フォレスト,19,92.6,ヨーロッパ,イングランド
ポルトガル,FW,ペドロ・ネト,ノッティンガム・フォレスト,19,92.6,ヨーロッパ,イングランド
アルゼンチン,FW,ジュリアーノ・シメオネ,クリスタル・パレス,20,92.1,ヨーロッパ,イングランド
アルゼンチン,FW,ティアゴ・アルマダ,クリスタル・パレス,20,92.1,ヨーロッパ,イングランド
アルゼンチン,DF,ナウエル・モリーナ,クリスタル・パレス,20,92.1,ヨーロッパ,イングランド
アルゼンチン,FW,ニコラス・ゴンサレス,クリスタル・パレス,20,92.1,ヨーロッパ,イングランド
アルゼンチン,GK,ファン・ムッソ,クリスタル・パレス,20,92.1,ヨーロッパ,イングランド
アルゼンチン,FW,フリアン・アルバレス,クリスタル・パレス,20,92.1,ヨーロッパ,イングランド
ウルグアイ,DF,ホセ・マリア・ヒメネス,クリスタル・パレス,20,92.1,ヨーロッパ,イングランド
スペイン,MF,アレックス・バエナ,クリスタル・パレス,20,92.1,ヨーロッパ,イングランド
スペイン,DF,マルク・プビル,クリスタル・パレス,20,92.1,ヨーロッパ,イングランド
スペイン,DF,マルコス・ジョレンテ,クリスタル・パレス,20,92.1,ヨーロッパ,イングランド
ノルウェー,FW,アレクサンデル・セルロート,クリスタル・パレス,20,92.1,ヨーロッパ,イングランド
メキシコ,MF,オベド・バルガス,クリスタル・パレス,20,92.1,ヨーロッパ,イングランド
スウェーデン,FW,グスタフ・ニルソン,ローマ,21,92.1,ヨーロッパ,イタリア
トルコ,DF,ゼキ・チェリク,ローマ,21,92.1,ヨーロッパ,イタリア
ベルギー,MF,ハンス・ヴァナケン,ローマ,21,92.1,ヨーロッパ,イタリア
ベルギー,DF,ブランドン・メシェレ,ローマ,21,92.1,ヨーロッパ,イタリア
ベルギー,DF,ホアキン・セイス,ローマ,21,92.1,ヨーロッパ,イタリア
エクアドル,DF,ホエル・オルドニェス,クラブ・ブルージュ,22,92,ヨーロッパ,ベルギー
オランダ,FW,ドニエル・マレン,コモ,22,92,ヨーロッパ,イタリア
コートジボワール,DF,エヴァン・エンディカ,コモ,22,92,ヨーロッパ,イタリア
フランス,MF,マヌ・コネ,コモ,22,92,ヨーロッパ,イタリア
モロッコ,MF,ニール・エル・アイナウィ,コモ,22,92,ヨーロッパ,イタリア
アメリカ,DF,クリス・リチャーズ,クラブ・ブルージュ,23,92,ヨーロッパ,ベルギー
イングランド,GK,ディーン・ヘンダーソン,クラブ・ブルージュ,23,92,ヨーロッパ,ベルギー
コートジボワール,FW,エヴァン・ゲサン,クラブ・ブルージュ,23,92,ヨーロッパ,ベルギー
コロンビア,MF,ジェフェルソン・レルマ,クラブ・ブルージュ,23,92,ヨーロッパ,ベルギー
アメリカ,DF,アントニー・ロビンソン,フラム,24,92,ヨーロッパ,イングランド
ノルウェー,MF,オスカー・ボブ,フラム,24,92,ヨーロッパ,イングランド
ノルウェー,MF,サンデル・ベルゲ,フラム,24,92,ヨーロッパ,イングランド
ベルギー,DF,ティモシー・カスターニュ,フラム,24,92,ヨーロッパ,イングランド
メキシコ,FW,ラウール・ヒメネス,フラム,24,92,ヨーロッパ,イングランド
モロッコ,DF,イッサ・ディオプ,フラム,24,92,ヨーロッパ,イングランド
コロンビア,DF,ダニエル・ムニョス,ユヴェントス,25,91.9,ヨーロッパ,イタリア
スペイン,FW,ジェレミ・ピノ,ユヴェントス,25,91.9,ヨーロッパ,イタリア
セネガル,FW,イスマイラ・サール,ユヴェントス,25,91.9,ヨーロッパ,イタリア
ノルウェー,FW,ヨルゲン・ストラン・ラーセン,ユヴェントス,25,91.9,ヨーロッパ,イタリア
フランス,FW,ジャン＝フィリップ・マテタ,ユヴェントス,25,91.9,ヨーロッパ,イタリア
フランス,DF,マクサンス・ラクロワ,ユヴェントス,25,91.9,ヨーロッパ,イタリア
アメリカ,MF,マリク・ティルマン,レヴァークーゼン,26,91.8,ヨーロッパ,ドイツ
アルジェリア,MF,イブラヒム・マザ,レヴァークーゼン,26,91.8,ヨーロッパ,ドイツ
アルゼンチン,MF,エセキエル・パラシオス,レヴァークーゼン,26,91.8,ヨーロッパ,ドイツ
イングランド,DF,ジャレル・クアンサー,レヴァークーゼン,26,91.8,ヨーロッパ,ドイツ
オランダ,GK,マルク・フレッケン,レヴァークーゼン,26,91.8,ヨーロッパ,ドイツ
スペイン,DF,アレックス・グリマルド,レヴァークーゼン,26,91.8,ヨーロッパ,ドイツ
チェコ,FW,パトリック・シック,レヴァークーゼン,26,91.8,ヨーロッパ,ドイツ
ウルグアイ,DF,マティアス・オリベラ,リーズ・ユナイテッド,27,91.7,ヨーロッパ,イングランド
スコットランド,MF,スコット・マクトミネイ,リーズ・ユナイテッド,27,91.7,ヨーロッパ,イングランド
モロッコ,DF,シャディ・リアド,リーズ・ユナイテッド,27,91.7,ヨーロッパ,イングランド
日本,MF/FW,鎌田大地,リーズ・ユナイテッド,27,91.7,ヨーロッパ,イングランド
アメリカ,MF,ウェストン・マッケニー,アトレティコ・マドリード,28,91.6,ヨーロッパ,スペイン
イングランド,GK,ジョーダン・ピックフォード,アトレティコ・マドリード,28,91.6,ヨーロッパ,スペイン
オランダ,MF,トゥーン・コープマイネルス,アトレティコ・マドリード,28,91.6,ヨーロッパ,スペイン
カナダ,MF,ステファン・エウスタキオ,アトレティコ・マドリード,28,91.6,ヨーロッパ,スペイン
コートジボワール,MF,セコ・フォファナ,アトレティコ・マドリード,28,91.6,ヨーロッパ,スペイン
スコットランド,DF,ネイサン・パターソン,アトレティコ・マドリード,28,91.6,ヨーロッパ,スペイン
セネガル,MF,イドゥリサ・ゲイエ,アトレティコ・マドリード,28,91.6,ヨーロッパ,スペイン
セネガル,FW,イリマン・エンディアイェ,アトレティコ・マドリード,28,91.6,ヨーロッパ,スペイン
トルコ,FW,デニズ・ギュル,アトレティコ・マドリード,28,91.6,ヨーロッパ,スペイン
ベルギー,MF,ケヴィン・デ・ブライネ,アトレティコ・マドリード,28,91.6,ヨーロッパ,スペイン
ベルギー,FW,ロメル・ルカク,アトレティコ・マドリード,28,91.6,ヨーロッパ,スペイン
ポルトガル,GK,ディオゴ・コスタ,アトレティコ・マドリード,28,91.6,ヨーロッパ,スペイン
カナダ,FW,ジョナサン・デイビッド,エヴァートン,29,91.4,ヨーロッパ,イングランド
トルコ,FW,ケナン・ユルディズ,エヴァートン,29,91.4,ヨーロッパ,イングランド
ブラジル,DF,ブレーメル,エヴァートン,29,91.4,ヨーロッパ,イングランド
ポルトガル,FW,フランシスコ・コンセイソン,エヴァートン,29,91.4,ヨーロッパ,イングランド
アルゼンチン,DF,クリスティアン・ロメロ,ポルト,30,91.2,ヨーロッパ,ポルトガル
イングランド,DF,ジェド・スペンス,ポルト,30,91.2,ヨーロッパ,ポルトガル
ウルグアイ,MF,ロドリゴ・ベンタンクール,ポルト,30,91.2,ヨーロッパ,ポルトガル
オーストリア,DF,ケヴィン・ダンソ,ポルト,30,91.2,ヨーロッパ,ポルトガル
アメリカ,MF,ブレンデン・アーロンソン,トッテナム・ホットスパー,31,91.2,ヨーロッパ,イングランド
オランダ,DF,ミッキー・ファン・デ・フェン,トッテナム・ホットスパー,31,91.2,ヨーロッパ,イングランド
スイス,FW,ノア・オカフォー,トッテナム・ホットスパー,31,91.2,ヨーロッパ,イングランド
スウェーデン,MF,ルーカス・ベリヴァル,トッテナム・ホットスパー,31,91.2,ヨーロッパ,イングランド
スウェーデン,DF,ガブリエル・グズムンドソン,トッテナム・ホットスパー,31,91.2,ヨーロッパ,イングランド
スペイン,DF,ペドロ・ポロ,トッテナム・ホットスパー,31,91.2,ヨーロッパ,イングランド
セネガル,MF,パプ・マタル・サール,トッテナム・ホットスパー,31,91.2,ヨーロッパ,イングランド
日本,MF/FW,田中碧,トッテナム・ホットスパー,31,91.2,ヨーロッパ,イングランド
アルゼンチン,FW,"ニコラス ""ニコ""・パス",RCランス,32,91.1,ヨーロッパ,フランス
クロアチア,MF,マルティン・バトゥリナ,RCランス,32,91.1,ヨーロッパ,フランス
セネガル,FW,アサン・ディアオ,RCランス,32,91.1,ヨーロッパ,フランス
イラク,MF,アリ・ジャースィム,ナポリ,33,91,ヨーロッパ,イタリア
コンゴ民主共和国,DF,アルトゥール・マスアク,ナポリ,33,91,ヨーロッパ,イタリア
サウジアラビア,DF,サウード・アブドゥルハミド,ナポリ,33,91,ヨーロッパ,イタリア
フランス,GK,ロビン・リセール,ナポリ,33,91,ヨーロッパ,イタリア
アメリカ,FW,ハジ・ライト,コヴェントリー・シティ,34,90.9,ヨーロッパ,イングランド
ガーナ,FW,ブランドン・トーマス＝アサンテ,コヴェントリー・シティ,34,90.9,ヨーロッパ,イングランド
アルゼンチン,FW,ホセ・マヌエル・ロペス,フラメンゴ,35,90.7,南アメリカ,ブラジル
ウルグアイ,MF,エミリアーノ・マルティネス,フラメンゴ,35,90.7,南アメリカ,ブラジル
オーストリア,MF,ザヴェル・シュラーガー,フラメンゴ,35,90.7,南アメリカ,ブラジル
オーストリア,MF,ニコラス・ザイヴァルト,フラメンゴ,35,90.7,南アメリカ,ブラジル
コートジボワール,FW,ヤン・ディオマンデ,フラメンゴ,35,90.7,南アメリカ,ブラジル
ドイツ,MF,アサン・ウエドラオゴ,フラメンゴ,35,90.7,南アメリカ,ブラジル
ドイツ,DF,ダビド・ラウム,フラメンゴ,35,90.7,南アメリカ,ブラジル
ノルウェー,MF,アントニオ・ヌサ,フラメンゴ,35,90.7,南アメリカ,ブラジル
ハイチ,GK,ジョズエ・デュヴェルジェ,フラメンゴ,35,90.7,南アメリカ,ブラジル
ウルグアイ,DF,ホアキン・ピケレス,アタランタ,36,90.7,ヨーロッパ,イタリア
エクアドル,FW,ケビン・ロドリゲス,アタランタ,36,90.7,ヨーロッパ,イタリア
カナダ,FW,プロミス・デイビッド,アタランタ,36,90.7,ヨーロッパ,イタリア
コロンビア,MF,ジョン・アリアス,アタランタ,36,90.7,ヨーロッパ,イタリア
スウェーデン,MF,ベスフォルト・ゼネリ,アタランタ,36,90.7,ヨーロッパ,イタリア
パラグアイ,DF,グスタボ・ゴメス,アタランタ,36,90.7,ヨーロッパ,イタリア
パラグアイ,MF,マウリシオ・マガリャンイス,アタランタ,36,90.7,ヨーロッパ,イタリア
パラグアイ,FW,ラモン・ソサ,アタランタ,36,90.7,ヨーロッパ,イタリア
ウルグアイ,DF,ギジェルモ・バレラ,イプスウィッチ・タウン,37,89.6,ヨーロッパ,イングランド
ウルグアイ,MF,ジョルジアン・デ・アラスカエタ,シュツットガルト,38,90.6,ヨーロッパ,ドイツ
ウルグアイ,MF,ニコラス・デ・ラ・クルス,シュツットガルト,38,90.6,ヨーロッパ,ドイツ
エクアドル,MF,ゴンサロ・プラタ,シュツットガルト,38,90.6,ヨーロッパ,ドイツ
コロンビア,MF,ホルヘ・カラスカル,シュツットガルト,38,90.6,ヨーロッパ,ドイツ
ブラジル,DF,アレックス・サンドロ,シュツットガルト,38,90.6,ヨーロッパ,ドイツ
ブラジル,DF,ダニーロ,シュツットガルト,38,90.6,ヨーロッパ,ドイツ
ブラジル,MF,ルーカス・パケタ,シュツットガルト,38,90.6,ヨーロッパ,ドイツ
ブラジル,DF,レオ・ペレイラ,シュツットガルト,38,90.6,ヨーロッパ,ドイツ
アメリカ,DF,セルジーニョ・デスト,ライプツィヒ,39,90.4,ヨーロッパ,ドイツ
アメリカ,FW,リカルド・ペピ,ライプツィヒ,39,90.4,ヨーロッパ,ドイツ
オーストリア,MF,パウル・ヴァナー,ライプツィヒ,39,90.4,ヨーロッパ,ドイツ
オランダ,MF,フース・ティル,ライプツィヒ,39,90.4,ヨーロッパ,ドイツ
キュラソー,DF,アルマンド・オビスポ,ライプツィヒ,39,90.4,ヨーロッパ,ドイツ
クロアチア,FW,イヴァン・ペリシッチ,ライプツィヒ,39,90.4,ヨーロッパ,ドイツ
エクアドル,FW,ジェレミー・アレバロ,パルメイラス,40,90.4,南アメリカ,ブラジル
チェコ,GK,マチェイ・コヴァージュ,パルメイラス,40,90.4,南アメリカ,ブラジル
ドイツ,GK,アレクサンダー・ニュベル,パルメイラス,40,90.4,南アメリカ,ブラジル
ドイツ,MF,アンジェロ・スティラー,パルメイラス,40,90.4,南アメリカ,ブラジル
ボスニア・ヘルツェゴビナ,MF,エスミル・バイラクラレヴィッチ,パルメイラス,40,90.4,南アメリカ,ブラジル
モロッコ,DF,アナス・サラー＝エディン,パルメイラス,40,90.4,南アメリカ,ブラジル
モロッコ,MF,イスマイル・サイバリ,パルメイラス,40,90.4,南アメリカ,ブラジル
オランダ,MF,マルテン・デ・ローン,サンダーランド,41,90.3,ヨーロッパ,イングランド
ガーナ,MF,カマルディーン・スレマナ,サンダーランド,41,90.3,ヨーロッパ,イングランド
クロアチア,MF,マリオ・パシャリッチ,サンダーランド,41,90.3,ヨーロッパ,イングランド
コートジボワール,DF,オディロン・コスヌ,サンダーランド,41,90.3,ヨーロッパ,イングランド
スイス,DF,ルカ・ジャック,サンダーランド,41,90.3,ヨーロッパ,イングランド
スウェーデン,DF,イサク・ヒエン,サンダーランド,41,90.3,ヨーロッパ,イングランド
ドイツ,FW,ジェイミー・レウェリング,サンダーランド,41,90.3,ヨーロッパ,イングランド
ドイツ,FW,デニス・ウンダフ,サンダーランド,41,90.3,ヨーロッパ,イングランド
ボスニア・ヘルツェゴビナ,FW,エルメディン・デミロヴィッチ,サンダーランド,41,90.3,ヨーロッパ,イングランド
モロッコ,MF,ビラル・エル・カンヌス,サンダーランド,41,90.3,ヨーロッパ,イングランド
エクアドル,MF,ニルソン・アングロ,PSV,42,90.2,ヨーロッパ,オランダ
オランダ,FW,ブライアン・ブロビー,PSV,42,90.2,ヨーロッパ,オランダ
オランダ,DF,ルチャレル・ヘルトライダ,PSV,42,90.2,ヨーロッパ,オランダ
オランダ,GK,ロビン_ルーフス,PSV,42,90.2,ヨーロッパ,オランダ
コンゴ民主共和国,MF,ノア・サディキ,PSV,42,90.2,ヨーロッパ,オランダ
スイス,MF,グラニト・ジャカ,PSV,42,90.2,ヨーロッパ,オランダ
スコットランド,FW,ジョージ・ハースト,PSV,42,90.2,ヨーロッパ,オランダ
ブラジル,MF,エデルソン,PSV,42,90.2,ヨーロッパ,オランダ
ベルギー,FW,シャルル・デ・ケテラーレ,PSV,42,90.2,ヨーロッパ,オランダ
ボスニア・ヘルツェゴビナ,DF,セアド・コラシナツ,PSV,42,90.2,ヨーロッパ,オランダ
アメリカ,FW,クリスチャン・プリシッチ,ミラン,43,90.2,ヨーロッパ,イタリア
エクアドル,DF,ペルビス・エストゥピニャン,ミラン,43,90.2,ヨーロッパ,イタリア
クロアチア,MF,ルカ・モドリッチ,ミラン,43,90.2,ヨーロッパ,イタリア
スイス,MF,アルドン・ヤシャリ,ミラン,43,90.2,ヨーロッパ,イタリア
セネガル,MF,アビブ・ディアラ,ミラン,43,90.2,ヨーロッパ,イタリア
ハイチ,FW,ウィルソン・イジドール,ミラン,43,90.2,ヨーロッパ,イタリア
パラグアイ,DF,オマル・アルデレテ,ミラン,43,90.2,ヨーロッパ,イタリア
フランス,MF,アドリアン・ラビオ,ミラン,43,90.2,ヨーロッパ,イタリア
フランス,GK,マイク・メニャン,ミラン,43,90.2,ヨーロッパ,イタリア
モロッコ,MF,ケムズダイン・タルビ,ミラン,43,90.2,ヨーロッパ,イタリア
ベルギー,MF,アレクシス・サーレマーケルス,ユニオン・サン=ジロワーズ,44,90.2,ヨーロッパ,ベルギー
ベルギー,DF,コニ・デ・ヴィンター,ユニオン・サン=ジロワーズ,44,90.2,ヨーロッパ,ベルギー
ポルトガル,FW,ラファエウ・レオン,ユニオン・サン=ジロワーズ,44,90.2,ヨーロッパ,ベルギー
ノルウェー,MF,イェンス・ペッター・ハウゲ,ボデ/グリムト,45,90.2,ヨーロッパ,ノルウェー
ノルウェー,MF,パトリック・ベルグ,ボデ/グリムト,45,90.2,ヨーロッパ,ノルウェー
メキシコ,FW,サンティアゴ・ヒメネス,ボデ/グリムト,45,90.2,ヨーロッパ,ノルウェー
アメリカ,DF,アレックス・フリーマン,ビジャレアル,46,89.7,ヨーロッパ,スペイン
ガーナ,MF,トーマス・パーテイ,ビジャレアル,46,89.7,ヨーロッパ,スペイン
カーボベルデ,DF,ローガン・コスタ,ビジャレアル,46,89.7,ヨーロッパ,スペイン
カナダ,MF,タジョン・ブキャナン,ビジャレアル,46,89.7,ヨーロッパ,スペイン
カナダ,FW,タニトルワ・オルワセイ,ビジャレアル,46,89.7,ヨーロッパ,スペイン
コートジボワール,FW,ニコラ・ペペ,ビジャレアル,46,89.7,ヨーロッパ,スペイン
セネガル,MF,パプ・ゲイェ,ビジャレアル,46,89.7,ヨーロッパ,スペイン
ノルウェー,DF,フレドリク・ビェルカン,ビジャレアル,46,89.7,ヨーロッパ,スペイン
アルゼンチン,DF,ニコラス・タグリアフィコ,ハル・シティAFC,47,89.4,ヨーロッパ,イングランド
ガーナ,FW,アーネスト・ヌアマー,ハル・シティAFC,47,89.4,ヨーロッパ,イングランド
セネガル,DF,ムサ・ニアカテ,ハル・シティAFC,47,89.4,ヨーロッパ,イングランド
ポルトガル,DF,レナト・ヴェイガ,ハル・シティAFC,47,89.4,ヨーロッパ,イングランド
アルジェリア,DF,アイサ・マンディ,リール,48,89.4,ヨーロッパ,フランス
アルジェリア,MF,ナビル・ベンタレブ,リール,48,89.4,ヨーロッパ,フランス
カナダ,DF,アルフィー・ジョーンズ,リール,48,89.4,ヨーロッパ,フランス
カナダ,MF,リアム・ミラー,リール,48,89.4,ヨーロッパ,フランス
クロアチア,GK,イヴォル・パンドゥル,リール,48,89.4,ヨーロッパ,フランス
チェコ,FW,パヴェル・シュルツ,リール,48,89.4,ヨーロッパ,フランス
ブラジル,FW,エンドリク,リール,48,89.4,ヨーロッパ,フランス
ボスニア・ヘルツェゴビナ,MF,アミル・ハジアフメトヴィッチ,リール,48,89.4,ヨーロッパ,フランス
ベルギー,DF,トーマス・ムニエ,オモニア,49,89.1,ヨーロッパ,キプロス
コンゴ民主共和国,DF,シャンセル・ムベンバ,オリンピック・リヨン,50,89.1,ヨーロッパ,フランス
コンゴ民主共和国,MF,ヌガライェル・ムカウ,オリンピック・リヨン,50,89.1,ヨーロッパ,フランス
ベルギー,DF,ナタン・ンゴイ,オリンピック・リヨン,50,89.1,ヨーロッパ,フランス
ベルギー,FW,マティアス・フェルナンデス＝パルド,オリンピック・リヨン,50,89.1,ヨーロッパ,フランス
モロッコ,MF,アイユーブ・ブアディ,オリンピック・リヨン,50,89.1,ヨーロッパ,フランス
アメリカ,FW,フォラリン・バログン,モナコ,51,89,ヨーロッパ,モナコ
コートジボワール,FW,シモン・アディングラ,モナコ,51,89,ヨーロッパ,モナコ
コンゴ民主共和国,FW,セドリック・バカンブ,モナコ,51,89,ヨーロッパ,モナコ
スイス,MF,デニス・ザカリア,モナコ,51,89,ヨーロッパ,モナコ
セネガル,DF,クレパン・ディアッタ,モナコ,51,89,ヨーロッパ,モナコ
セネガル,MF,ラミン・カマラ,モナコ,51,89,ヨーロッパ,モナコ
アルゼンチン,MF,ジオヴァニ・ロ・チェルソ,レアル・ベティス,52,88.9,ヨーロッパ,スペイン
コロンビア,FW,クチョ・エルナンデス,レアル・ベティス,52,88.9,ヨーロッパ,スペイン
スイス,DF,リカルド・ロドリゲス,レアル・ベティス,52,88.9,ヨーロッパ,スペイン
フランス,FW,マグネス・アクリウシュ,レアル・ベティス,52,88.9,ヨーロッパ,スペイン
メキシコ,MF,アルバロ・フィダルゴ,レアル・ベティス,52,88.9,ヨーロッパ,スペイン
モロッコ,MF,ソフィアン・アムラバト,レアル・ベティス,52,88.9,ヨーロッパ,スペイン
アメリカ,FW,ティモシー・ウェア,マルセイユ,53,88.7,ヨーロッパ,フランス
オーストリア,DF,フィリップ・ラインハルト,マルセイユ,53,88.7,ヨーロッパ,フランス
クロアチア,FW,イゴール・マタノヴィッチ,マルセイユ,53,88.7,ヨーロッパ,フランス
スイス,MF,ヨハン・マンザンビ,マルセイユ,53,88.7,ヨーロッパ,フランス
日本,MF/FW,鈴木唯人,マルセイユ,53,88.7,ヨーロッパ,フランス
アルジェリア,FW,アミーヌ・グイリ,ホッフェンハイム,54,88.7,ヨーロッパ,ドイツ
アルゼンチン,DF,ファクンド・メディナ,ホッフェンハイム,54,88.7,ヨーロッパ,ドイツ
アルゼンチン,GK,ヘロニモ・ルジ,ホッフェンハイム,54,88.7,ヨーロッパ,ドイツ
オランダ,MF,クインテン・ティンバー,ホッフェンハイム,54,88.7,ヨーロッパ,ドイツ
ガーナ,DF,アリドゥ・セイドゥ,ホッフェンハイム,54,88.7,ヨーロッパ,ドイツ
クロアチア,GK,ドミニク・リヴァコヴィッチ,ホッフェンハイム,54,88.7,ヨーロッパ,ドイツ
スイス,FW,ブレール・エンボロ,ホッフェンハイム,54,88.7,ヨーロッパ,ドイツ
スコットランド,DF,スコット・マッケンナ,ホッフェンハイム,54,88.7,ヨーロッパ,ドイツ
オランダ,FW,ノア・ラング,レンヌ,55,88.6,ヨーロッパ,フランス
コートジボワール,DF,ウィルフリード・シンゴ,レンヌ,55,88.6,ヨーロッパ,フランス
フランス,GK,ブライス・サンバ,レンヌ,55,88.6,ヨーロッパ,フランス
ヨルダン,FW,ムサ・アル・ターマリ,レンヌ,55,88.6,ヨーロッパ,フランス
オーストリア,DF,アレクサンダー・プラス,スラヴィア・プラハ,56,88.5,ヨーロッパ,チェコ
コロンビア,DF,ダビンソン・サンチェス,スラヴィア・プラハ,56,88.5,ヨーロッパ,チェコ
セネガル,DF,イスマイル・ヤコブス,スラヴィア・プラハ,56,88.5,ヨーロッパ,チェコ
ドイツ,FW,レロイ・サネ,スラヴィア・プラハ,56,88.5,ヨーロッパ,チェコ
トルコ,DF,アブデュルケリム・バルダクチ,スラヴィア・プラハ,56,88.5,ヨーロッパ,チェコ
トルコ,GK,ウウルジャン・チャクル,スラヴィア・プラハ,56,88.5,ヨーロッパ,チェコ
トルコ,DF,エレン・エルマル,スラヴィア・プラハ,56,88.5,ヨーロッパ,チェコ
トルコ,MF,カーン・アイハン,スラヴィア・プラハ,56,88.5,ヨーロッパ,チェコ
トルコ,FW,バルシュ・アルペル・ユルマズ,スラヴィア・プラハ,56,88.5,ヨーロッパ,チェコ
トルコ,FW,ユヌス・アクギュン,スラヴィア・プラハ,56,88.5,ヨーロッパ,チェコ
クロアチア,FW,アンドレイ・クラマリッチ,ディナモ・ザグレブ,57,88.5,ヨーロッパ,クロアチア
コートジボワール,FW,バズマナ・トゥーレ,ディナモ・ザグレブ,57,88.5,ヨーロッパ,クロアチア
チェコ,FW,アダム・ハロジェク,フェネルバフチェ,58,88.4,ヨーロッパ,トルコ
チェコ,DF,ヴラディミール・ツォウファル,フェネルバフチェ,58,88.4,ヨーロッパ,トルコ
チェコ,DF,ロビン・フラナーチ,フェネルバフチェ,58,88.4,ヨーロッパ,トルコ
ドイツ,GK,オリバー・バウマン,フェネルバフチェ,58,88.4,ヨーロッパ,トルコ
トルコ,DF,オザン・カバク,フェネルバフチェ,58,88.4,ヨーロッパ,トルコ
トルコ,MF,イスマイル・ユクセク,フェネルバフチェ,58,88.4,ヨーロッパ,トルコ
トルコ,FW,オウズ・アイドゥン,フェネルバフチェ,58,88.4,ヨーロッパ,トルコ
トルコ,FW,ケレム・アクトゥルコール,フェネルバフチェ,58,88.4,ヨーロッパ,トルコ
トルコ,DF,チャーラル・ソユンジュ,フェネルバフチェ,58,88.4,ヨーロッパ,トルコ
トルコ,GK,メルト・ギュノク,フェネルバフチェ,58,88.4,ヨーロッパ,トルコ
トルコ,DF,メルト・ムルドゥル,フライブルク,59,88.3,ヨーロッパ,ドイツ
ブラジル,GK,エデルソン,フライブルク,59,88.3,ヨーロッパ,ドイツ
フランス,MF,エンゴロ・カンテ,フライブルク,59,88.3,ヨーロッパ,ドイツ
ポルトガル,DF,ネルソン・セメド,フライブルク,59,88.3,ヨーロッパ,ドイツ
ウルグアイ,MF,ロドリゴ・サラサール,オリンピアコス,61,88.2,ヨーロッパ,ギリシャ
メキシコ,DF,エドソン・アルバレス,オリンピアコス,61,88.2,ヨーロッパ,ギリシャ
エクアドル,MF,デニル・カスティージョ,ガラタサライ,62,88.1,ヨーロッパ,トルコ
オーストリア,MF,フロリアン・グリリッチュ,ガラタサライ,62,88.1,ヨーロッパ,トルコ
カーボベルデ,FW,ウィリー・セメド,ガラタサライ,62,88.1,ヨーロッパ,トルコ
クロアチア,MF,ニコラ・モロ,ガラタサライ,62,88.1,ヨーロッパ,トルコ
クロアチア,DF,マルティン・エルリッチ,ガラタサライ,62,88.1,ヨーロッパ,トルコ
コロンビア,DF,ジョン・ルクミ,ガラタサライ,62,88.1,ヨーロッパ,トルコ
スイス,MF,レモ・フロイラー,ガラタサライ,62,88.1,ヨーロッパ,トルコ
スウェーデン,DF,グスタフ・ラゲルビエルケ,ガラタサライ,62,88.1,ヨーロッパ,トルコ
スコットランド,MF,ルイス・ファーガソン,ガラタサライ,62,88.1,ヨーロッパ,トルコ
チェコ,GK,ルカーシュ・ホルニーチェク,ガラタサライ,62,88.1,ヨーロッパ,トルコ
ノルウェー,DF,トールビェルン・ヘッゲム,ガラタサライ,62,88.1,ヨーロッパ,トルコ
ニュージーランド,MF,ジョー・ベル,ヴァイキングFK,63,88.1,ヨーロッパ,ノルウェー
韓国,DF,イ・ハンボム,ヴァイキングFK,63,88.1,ヨーロッパ,ノルウェー
韓国,FW,チョ・ギュソン,バレンシア,64,88.1,ヨーロッパ,スペイン
アルゼンチン,MF,バレンティン・バルコ,ブラガ,65,88.1,ヨーロッパ,ポルトガル
イラン,FW,メフディ・タレミ,ブラガ,65,88.1,ヨーロッパ,ポルトガル
コートジボワール,DF,ゲラ・ドゥエ,プラガ,65,88.1,ヨーロッパ,ポルトガル
モロッコ,FW,アユブ・エル・カービ,ブラガ,65,88.1,ヨーロッパ,ポルトガル
パラグアイ,FW,フリオ・エンシソ,ラージョ・バジェカーノ,66,88,ヨーロッパ,スペイン
ベルギー,MF,ディエゴ・モレイラ,ラージョ・バジェカーノ,66,88,ヨーロッパ,スペイン
ウルグアイ,FW,ダルウィン・ヌニェス,ボローニャ,67,88,ヨーロッパ,イタリア
サウジアラビア,DF,アリ・ラジャミ,ボローニャ,67,88,ヨーロッパ,イタリア
ベルギー,GK,マイク・ペンダース,ボローニャ,67,88,ヨーロッパ,イタリア
モロッコ,MF,サミル・エル・ムラベ,ボローニャ,67,88,ヨーロッパ,イタリア
モロッコ,MF,ジェシム・ヤシン,ボローニャ,67,88,ヨーロッパ,イタリア
サウジアラビア,MF,サレム・アル・ドサリ,セルタ,68,87.8,ヨーロッパ,スペイン
サウジアラビア,MF,スルタン・マンダシュ,セルタ,68,87.8,ヨーロッパ,スペイン
サウジアラビア,MF,ナセル・アル・ドーサリー,インディペンディエンテ・デル・バジェ,69,87.8,南アメリカ,エクアドル
サウジアラビア,DF,ハッサーン・タムバクティ,ボカ・ジュニアーズ,70,87.8,南アメリカ,アルゼンチン
オーストリア,DF,シュテファン・ポッシュ,マインツ,71,87.7,ヨーロッパ,ドイツ
オーストリア,DF,フィリップ・ムウェネ,マインツ,71,87.7,ヨーロッパ,ドイツ
サウジアラビア,DF,モテブ・アル・ハルビ,マインツ,71,87.7,ヨーロッパ,ドイツ
スイス,DF,シルバン・ビドマー,マインツ,71,87.7,ヨーロッパ,ドイツ
ドイツ,MF,ナディエム・アミリ,マインツ,71,87.7,ヨーロッパ,ドイツ
日本,MF/FW,佐野海舟,マインツ,71,87.7,ヨーロッパ,ドイツ
サウジアラビア,MF,モハメド・カンノ,フィオレンティーナ,72,87.7,ヨーロッパ,イタリア
セネガル,DF,カリドゥ・クリバリ,AEKアテネ,73,87.5,ヨーロッパ,ギリシャ
チェコ,GK,インジフ・スタニェク,ストラスブール,74,87.4,ヨーロッパ,フランス
チェコ,DF,シュテパン・チャロウペク,ストラスブール,74,87.4,ヨーロッパ,フランス
チェコ,DF,ダヴィド・ジマ,ストラスブール,74,87.4,ヨーロッパ,フランス
チェコ,DF,ダヴィド・ドウデラ,ストラスブール,74,87.4,ヨーロッパ,フランス
フランス,DF,テオ・エルナンデス,ストラスブール,74,87.4,ヨーロッパ,フランス
ポルトガル,MF,ルベン・ネヴェス,ストラスブール,74,87.4,ヨーロッパ,フランス
モロッコ,GK,ヤシン・ブヌ,ストラスブール,74,87.4,ヨーロッパ,フランス
ガーナ,DF,アブドゥル・ムミン,アル・ヒラル,75,87.3,アジア,サウジアラビア
スイス,DF,エライ・キュマルト,アル・ヒラル,75,87.3,アジア,サウジアラビア
スウェーデン,DF,カール・スターフェルト,アル・ヒラル,75,87.3,アジア,サウジアラビア
スペイン,FW,ボルハ・イグレシアス,アル・ヒラル,75,87.3,アジア,サウジアラビア
セネガル,MF,パテ・イスマエル・シス,アル・ヒラル,75,87.3,アジア,サウジアラビア
チェコ,DF,ダヴィド・ユラーセク,アル・ヒラル,75,87.3,アジア,サウジアラビア
チェコ,FW,トマーシュ・ホリース,アル・ヒラル,75,87.3,アジア,サウジアラビア
チェコ,DF,トマーシュ・ホレシュ,アル・ヒラル,75,87.3,アジア,サウジアラビア
チェコ,MF,ミハル・サディーレク,アル・ヒラル,75,87.3,アジア,サウジアラビア
チェコ,FW,モイミール・ヒティル,アル・ヒラル,75,87.3,アジア,サウジアラビア
チェコ,MF,ルカーシュ・プロヴォド,アル・ヒラル,75,87.3,アジア,サウジアラビア
ノルウェー,DF,ヘンリク・ファルヘナー,アル・ヒラル,75,87.3,アジア,サウジアラビア
エクアドル,MF,ジョルディ・アルシバル,ゼニト,76,86.3,ヨーロッパ,ロシア
韓国,MF,イ・ジェソン,ゼニト,76,86.3,ヨーロッパ,ロシア
クロアチア,DF,マリン・ポングラチッチ,レアル・ソシエダ,78,87,ヨーロッパ,スペイン
クロアチア,DF,ドゥイェ・チャレタ＝ツァル,レアル・ソシエダ,78,87,ヨーロッパ,スペイン
スコットランド,FW,ロス・スチュワート,レアル・ソシエダ,78,87,ヨーロッパ,スペイン
ブラジル,DF,ドウグラス・サントス,レアル・ソシエダ,78,87,ヨーロッパ,スペイン
ブラジル,FW,ルイス・エンヒキ,レアル・ソシエダ,78,87,ヨーロッパ,スペイン
クロアチア,MF,ルカ・スチッチ,アスレティック・ビルバオ,79,87,ヨーロッパ,スペイン
スペイン,FW,ミケル・オヤルサバル,アスレティック・ビルバオ,79,87,ヨーロッパ,スペイン
ポルトガル,FW,ゴンサロ・ゲデス,アスレティック・ビルバオ,79,87,ヨーロッパ,スペイン
日本,MF/FW,久保建英,アスレティック・ビルバオ,79,87,ヨーロッパ,スペイン
アルジェリア,MF,ファレス・シャイビ,ミッティラン,81,86.9,ヨーロッパ,デンマーク
ウルグアイ,MF,フアン・マヌエル・サナブリア,ミッティラン,81,86.9,ヨーロッパ,デンマーク
スイス,DF,オーレル・アメンダ,ミッティラン,81,86.9,ヨーロッパ,デンマーク
メキシコ,MF,オルベリン・ビネダ,ミッティラン,81,86.9,ヨーロッパ,デンマーク
チュニジア,MF,エリース・スキリ,インデペンディエンテ,82,86.8,南アメリカ,アルゼンチン
ドイツ,DF,ナサニエル・ブラウン,インデペンディエンテ,82,86.8,南アメリカ,アルゼンチン
トルコ,FW,ジャン・ウズン,インデペンディエンテ,82,86.8,南アメリカ,アルゼンチン
アルゼンチン,DF,ゴンサロ・モンティエル,リーベル・プレート,83,86.7,南アメリカ,アルゼンチン
ウルグアイ,DF,マティアス・ビーニャ,リーベル・プレート,83,86.7,南アメリカ,アルゼンチン
エクアドル,MF,ケンドリー・パエス,リーベル・プレート,83,86.7,南アメリカ,アルゼンチン
コロンビア,MF,ケビン・カスターニョ,リーベル・プレート,83,86.7,南アメリカ,アルゼンチン
コロンビア,MF,フアン・フェルナンド・キンテロ,リーベル・プレート,83,86.7,南アメリカ,アルゼンチン
ベルギー,DF,アルトゥール・テアテ,フルミネンセ,84,86.6,南アメリカ,ブラジル
ウルグアイ,GK,フェルナンド・ムスレラ,エストゥディアンテス,85,86.6,南アメリカ,アルゼンチン
韓国,DF,イェンス・カストロップ,エストゥディアンテス,85,86.6,南アメリカ,アルゼンチン
モロッコ,FW,アユブ・アマイムニ,ウディネーゼ,86,86.5,ヨーロッパ,イタリア
イラン,FW,メフディ・ガエディ,トゥールーズ,87,86.5,ヨーロッパ,フランス
ガーナ,FW,イニャキ・ウィリアムズ,アル・ナスル,88,86.4,アジア,サウジアラビア
サウジアラビア,MF,アイマン・ヤヒヤ,アル・ナスル,88,86.4,アジア,サウジアラビア
サウジアラビア,DF,アブドゥレラー・アル・アムリ,アル・ナスル,88,86.4,アジア,サウジアラビア
サウジアラビア,MF,アブドッラー・アル・ハイバリー,アル・ナスル,88,86.4,アジア,サウジアラビア
サウジアラビア,FW,アブドッラー・アル・ハムデン,アル・ナスル,88,86.4,アジア,サウジアラビア
サウジアラビア,GK,ナワフ・アル・アキディ,アル・ナスル,88,86.4,アジア,サウジアラビア
サウジアラビア,DF,ナワフ・ブシャル,アル・ナスル,88,86.4,アジア,サウジアラビア
セネガル,FW,サディオ・マネ,アル・ナスル,88,86.4,アジア,サウジアラビア
ポルトガル,FW,クリスティアーノ・ロナウド,アル・ナスル,88,86.4,アジア,サウジアラビア
ポルトガル,FW,ジョアン・フェリックス,アル・ナスル,88,86.4,アジア,サウジアラビア
アメリカ,DF,マーク・マッケンジー,フランクフルト,89,86.3,ヨーロッパ,ドイツ
アルゼンチン,FW,リオネル・メッシ,フランクフルト,89,86.3,ヨーロッパ,ドイツ
アルゼンチン,MF,ロドリゴ・デ・パウル,フランクフルト,89,86.3,ヨーロッパ,ドイツ
オランダ,FW,クリセンシオ・サマーフィル,フランクフルト,89,86.3,ヨーロッパ,ドイツ
カナダ,GK,デイン・セント・クレア,フランクフルト,89,86.3,ヨーロッパ,ドイツ
コンゴ民主共和国,DF,アーロン・ワン＝ビサカ,フランクフルト,89,86.3,ヨーロッパ,ドイツ
スウェーデン,MF,イェスパー・カールストレーム,フランクフルト,89,86.3,ヨーロッパ,ドイツ
ブラジル,MF,ダニーロ,フランクフルト,89,86.3,ヨーロッパ,ドイツ
セネガル,DF,エル・ハッジ・マリック・ディウフ,サウサンプトン,90,86.3,ヨーロッパ,イングランド
コロンビア,DF,サンティアゴ・アリアス,PAOK,91,86.2,ヨーロッパ,ギリシャ
チェコ,MF,トマーシュ・ソウチェク,PAOK,91,86.2,ヨーロッパ,ギリシャ
パラグアイ,FW,アレックス・アルセ,フェレンツヴァーロシュ,92,86.2,ヨーロッパ,ハンガリー
メキシコ,DF,ホルヘ・サンチェス,ボタフォゴ,94,86.2,南アメリカ,ブラジル
コロンビア,MF,レアンドロ・カンパス,ロサリオ・セントラル,95,86.2,南アメリカ,アルゼンチン
オーストリア,FW,ミヒャエル・グレゴリッチュ,オサスナ,96,86.1,ヨーロッパ,スペイン
クロアチア,MF,クリスティヤン・ヤキッチ,オサスナ,96,86.1,ヨーロッパ,スペイン
パラグアイ,FW,イシドロ・ピッタ,レッドブル・ブラガンチーノ,99,86,南アメリカ,ブラジル
コロンビア,GK,ダビド・オスピナ,アトレティコ・ナショナル,100,85.9,南アメリカ,コロンビア
エクアドル,DF,ヤイマル・メディナ,ヘンク,101,85.9,ヨーロッパ,ベルギー
コンゴ民主共和国,DF,ジョリス・カイェンベ,ヘンク,101,85.9,ヨーロッパ,ベルギー
モロッコ,DF,ザカリア・エル・ワディ,ヘンク,101,85.9,ヨーロッパ,ベルギー
日本,MF/FW,伊東純也,ヘンク,101,85.9,ヨーロッパ,ベルギー
オーストラリア,GK,マシュー・ライアン,レバンテ,102,85.9,ヨーロッパ,スペイン
ウルグアイ,MF,アグスティン・カノッビオ,ウェストハム・ユナイテッド,103,85.9,ヨーロッパ,イングランド
スペイン,DF,アイメリク・ラポルテ,ウェストハム・ユナイテッド,103,85.9,ヨーロッパ,イングランド
スペイン,FW,ニコ・ウィリアムズ,ウェストハム・ユナイテッド,103,85.9,ヨーロッパ,イングランド
スペイン,GK,ウナイ・シモン,ウェストハム・ユナイテッド,103,85.9,ヨーロッパ,イングランド
アメリカ,DF,マイルズ・ロビンソン,インテル・マイアミ,104,85.8,北中米,アメリカ
アルゼンチン,MF,レアンドロ・パレデス,インテル・マイアミ,104,85.8,北中米,アメリカ
日本,MF/FW,堂安律,インテル・マイアミ,104,85.8,北中米,アメリカ
ガーナ,DF,アブドゥル・ラーマン・ババ,クルス・アスル,105,85.8,北中米,メキシコ
パラグアイ,FW,ガブリエル・アバロス,クルス・アスル,105,85.8,北中米,メキシコ
クロアチア,MF,ニコラ・ヴラシッチ,トリノ,106,85.8,ヨーロッパ,イタリア
スコットランド,FW,チェ・アダムス,トリノ,106,85.8,ヨーロッパ,イタリア
ノルウェー,DF,マルクス・ヘルムグレン・ペデルセン,トリノ,106,85.8,ヨーロッパ,イタリア
クロアチア,FW,アンテ・ブディミル,アウクスブルク,107,85.6,ヨーロッパ,ドイツ
コロンビア,DF,ウィラー・ディッタ,アウクスブルク,107,85.6,ヨーロッパ,ドイツ
スペイン,FW,ビクトル・ムニョス,アウクスブルク,107,85.6,ヨーロッパ,ドイツ
メキシコ,MF,エリック・リラ,アウクスブルク,107,85.6,ヨーロッパ,ドイツ
アルジェリア,DF,サミル・シェルギ,パリFC,108,85.6,ヨーロッパ,フランス
アメリカ,MF,ジオ・レイナ,ボルシアMG,109,85.6,ヨーロッパ,ドイツ
アメリカ,DF,ジョー・スケリー,ボルシアMG,109,85.6,ヨーロッパ,ドイツ
スイス,DF,ニコ・エルベディ,ボルシアMG,109,85.6,ヨーロッパ,ドイツ
ボスニア・ヘルツェゴビナ,FW,ハリス・タバコヴィッチ,ボルシアMG,109,85.6,ヨーロッパ,ドイツ
メキシコ,FW,アレクシス・ベガ,ボルシアMG,109,85.6,ヨーロッパ,ドイツ
メキシコ,DF,ヘスス・ガジャルド,ボルシアMG,109,85.6,ヨーロッパ,ドイツ
オーストラリア,FW,クリスティアン・ヴォルパト,サッスオーロ,110,85.5,ヨーロッパ,イタリア
カナダ,MF,イスマエル・コネ,サッスオーロ,110,85.5,ヨーロッパ,イタリア
ノルウェー,MF,クリスティアン・トルストヴェット,サッスオーロ,110,85.5,ヨーロッパ,イタリア
ボスニア・ヘルツェゴビナ,DF,タリク・ムハレモヴィッチ,サッスオーロ,110,85.5,ヨーロッパ,イタリア
スイス,GK,イボン・ムボゴ,ロリアン,111,85.5,ヨーロッパ,フランス
セネガル,FW,バンバ・ディエン,ロリアン,111,85.5,ヨーロッパ,フランス
チュニジア,DF,モンタサル・タルビ,ロリアン,111,85.5,ヨーロッパ,フランス
カーボベルデ,MF,ケビン・ピナ,クラスノダール,112,85.5,ヨーロッパ,ロシア
コロンビア,FW,ジョン・コルドバ,クラスノダール,112,85.5,ヨーロッパ,ロシア
コロンビア,MF,フアン・ポルティーヤ,アトレチコ・パラナエンセ,113,85.5,南アメリカ,ブラジル
チュニジア,MF,ラニ・ケディラ,ウニオン・ベルリン,114,85.5,ヨーロッパ,ドイツ
ノルウェー,DF,レオ・エスティゴール,ジェノア,115,85.4,ヨーロッパ,イタリア
メキシコ,DF,ヨハン・バスケス,ジェノア,115,85.4,ヨーロッパ,イタリア
日本,MF/FW,後藤啓介,シント＝トロイデンVV,117,85.4,ヨーロッパ,ベルギー
日本,DF,谷口彰悟,シント＝トロイデンVV,117,85.4,ヨーロッパ,ベルギー
アルジェリア,FW,リヤド・マフレズ,アル・アハリ,118,85.3,アフリカ,サウジアラビア
イングランド,FW,アイヴァン・トニー,アル・アハリ,118,85.3,アフリカ,サウジアラビア
エジプト,FW,"アーメド・サイード・""ジゾ""",アル・アハリ,118,85.3,アフリカ,サウジアラビア
エジプト,MF,エマム・アシュール,アル・アハリ,118,85.3,アフリカ,サウジアラビア
エジプト,FW,"マハムード・""トレゼゲ""",アル・アハリ,118,85.3,アフリカ,サウジアラビア
エジプト,MF,マルワン・アッティア,アル・アハリ,118,85.3,アフリカ,サウジアラビア
エジプト,GK,モスタファ・ショベイル,アル・アハリ,118,85.3,アフリカ,サウジアラビア
エジプト,GK,モハメド・エル・シェナウィ,アル・アハリ,118,85.3,アフリカ,サウジアラビア
エジプト,DF,モハメド・ハニー,アル・アハリ,118,85.3,アフリカ,サウジアラビア
エジプト,DF,ヤセル・イブラヒム,アル・アハリ,118,85.3,アフリカ,サウジアラビア
コートジボワール,MF,フランク・ケシエ,アル・アハリ,118,85.3,アフリカ,サウジアラビア
サウジアラビア,DF,アリ・マジュラシ,アル・アハリ,118,85.3,アフリカ,サウジアラビア
サウジアラビア,MF,ジヤド・アル・ジョハニ,アル・アハリ,118,85.3,アフリカ,サウジアラビア
サウジアラビア,FW,フィラース・アル・ブライカーン,アル・アハリ,118,85.3,アフリカ,サウジアラビア
セネガル,GK,エドゥアール・メンディ,アル・アハリ,118,85.3,アフリカ,サウジアラビア
トルコ,DF,メルフ・デミラル,アル・アハリ,118,85.3,アフリカ,サウジアラビア
ブラジル,DF,イバニェス,アル・アハリ,118,85.3,アフリカ,サウジアラビア
モロッコ,DF,ユセフ・ベランマリ,アル・アハリ,118,85.3,アフリカ,サウジアラビア
日本,GK,大迫敬介,サンフレッチェ広島,119,85.3,アジア,日本
オーストリア,FW,マルコ・アルナウトヴィッチ,ツルヴェナ・ズヴェズダ,120,85.3,ヨーロッパ,セルビア
韓国,DF,ソル・ヨンウ,ツルヴェナ・ズヴェズダ,120,85.3,ヨーロッパ,セルビア
アルジェリア,FW,アニス・ハジ・ムーサ,フェイエノールト,121,85.3,ヨーロッパ,オランダ
オーストラリア,DF,ジョーディ・ボス,フェイエノールト,121,85.3,ヨーロッパ,オランダ
韓国,MF,ファン・インボム,フェイエノールト,121,85.3,ヨーロッパ,オランダ
日本,MF/FW,上田綺世,フェイエノールト,121,85.3,ヨーロッパ,オランダ
日本,DF,渡辺剛,フェイエノールト,121,85.3,ヨーロッパ,オランダ
オランダ,FW,メンフィス・デパイ,コリンチャンス,123,85.3,南アメリカ,ブラジル
スイス,MF,ファビアン・リーダー,AGF,124,85.3,ヨーロッパ,デンマーク
イラク,MF,ケビン・ヤコブ,トルーカ,125,85.2,北中米,メキシコ
チュニジア,MF,イスマエル・ガルビ,トルーカ,125,85.2,北中米,メキシコ
韓国,DF,キム・テヒョン,鹿島アントラーズ,128,85.1,アジア,日本
日本,GK,早川友基,鹿島アントラーズ,128,85.1,アジア,日本
クロアチア,GK,ドミニク・コタルスキ,コペンハーゲン,129,85,ヨーロッパ,デンマーク
チュニジア,FW,エリアス・アシュリ,コペンハーゲン,129,85,ヨーロッパ,デンマーク
日本,DF,鈴木淳之介,コペンハーゲン,129,85,ヨーロッパ,デンマーク
イラク,MF,ユセフ・アミン,AEKラルナカ,130,85,ヨーロッパ,キプロス
コンゴ民主共和国,MF,シャルル・ピケル,エスパニョール,131,85,ヨーロッパ,スペイン
イラク,DF,メルカス・ドスキ,ヴィクトリア・プルゼニ,133,85,ヨーロッパ,チェコ
オーストリア,GK,フロリアン・ヴィーゲレ,ヴィクトリア・ブルゼニ,133,85,ヨーロッパ,チェコ
ガーナ,FW,プリンス・クワベナ・アドゥ,ヴィクトリア・プルゼニ,133,85,ヨーロッパ,チェコ
チェコ,MF,アレサンドル・ソイカ,ヴィクトリア・プルゼニ,133,85,ヨーロッパ,チェコ
チェコ,FW,デニス・ヴィシンスキー,ヴィクトリア・プルゼニ,133,85,ヨーロッパ,チェコ
チェコ,MF,ルカーシュ・チェルフ,ヴィクトリア・プルゼニ,133,85,ヨーロッパ,チェコ
ボスニア・ヘルツェゴビナ,MF,アマル・メミッチ,ヴィクトリア・プルゼニ,133,85,ヨーロッパ,チェコ
アメリカ,DF,オーストン・トラスティ,セルティック,135,84.9,ヨーロッパ,スコットランド
カナダ,DF,アリスター・ジョンストン,セルティック,135,84.9,ヨーロッパ,スコットランド
スウェーデン,FW,ベンジャミン・ニグレン,セルティック,135,84.9,ヨーロッパ,スコットランド
スコットランド,DF,アンソニー・ラルストン,セルティック,135,84.9,ヨーロッパ,スコットランド
スコットランド,DF,キーラン・ティアニー,セルティック,135,84.9,ヨーロッパ,スコットランド
チュニジア,FW,セバスティアン・トゥネクティ,セルティック,135,84.9,ヨーロッパ,スコットランド
韓国,MF,ヤン・ヒョンジュン,セルティック,135,84.9,ヨーロッパ,スコットランド
日本,MF/FW,前田大然,セルティック,135,84.9,ヨーロッパ,スコットランド
コロンビア,MF,グスタボ・プエルタ,アブハー,136,84.9,アジア,サウジアラビア
キュラソー,FW,ソンチェ・ハンセン,ミドルスブラ,137,84.9,ヨーロッパ,イングランド
ガーナ,DF,デリック・ルカッセン,パフォス,138,84.9,ヨーロッパ,キプロス
スウェーデン,MF,ケン・セマ,パフォス,138,84.9,ヨーロッパ,キプロス
ボスニア・ヘルツェゴビナ,MF,イヴァン・シュニッチ,パフォス,138,84.9,ヨーロッパ,キプロス
スイス,MF,ジブリル・ソウ,セビージャ,140,84.9,ヨーロッパ,スペイン
スイス,MF,ルベン・バルガス,セビージャ,140,84.9,ヨーロッパ,スペイン
ノルウェー,GK,エリアン・ニュラン,セビージャ,140,84.9,ヨーロッパ,スペイン
チェコ,MF,ヒューゴ・ソフフルェク,スパルタ・プラハ,141,84.8,ヨーロッパ,チェコ
チェコ,DF,ヤロスラフ・ゼレニー,スパルタ・プラハ,141,84.8,ヨーロッパ,チェコ
チェコ,FW,ヤン・クフタ,スパルタ・プラハ,141,84.8,ヨーロッパ,チェコ
オーストリア,DF,ダヴィド・アッフェングルーバー,エルチェ,142,84.8,ヨーロッパ,スペイン
ウルグアイ,DF,サンティ・ブエノ,ウォルヴァーハンプトン,145,84.7,ヨーロッパ,イングランド
チェコ,DF,ラディスラフ・クレイチー,ウォルヴァーハンプトン,145,84.7,ヨーロッパ,イングランド
ノルウェー,DF,ダヴィド・ウォルフ,ウォルヴァーハンプトン,145,84.7,ヨーロッパ,イングランド
ハイチ,MF,ジャン＝リクネル・ベルガルド,ウォルヴァーハンプトン,145,84.7,ヨーロッパ,イングランド
ポルトガル,GK,ジョゼ・サ,ウォルヴァーハンプトン,145,84.7,ヨーロッパ,イングランド
韓国,MF,ファン・ヒチャン,ウォルヴァーハンプトン,145,84.7,ヨーロッパ,イングランド
ガーナ,MF,エリシャ・オウス,オセール,146,84.7,ヨーロッパ,フランス
ガーナ,DF,ギデオン・メンサー,オセール,146,84.7,ヨーロッパ,フランス
ガーナ,DF,マーヴィン・セナヤ,オセール,146,84.7,ヨーロッパ,フランス
ハイチ,FW,ジョズエ・カジミール,オセール,146,84.7,ヨーロッパ,フランス
コロンビア,DF,ジェリー・ミナ,カリアリ,147,84.7,ヨーロッパ,イタリア
アルジェリア,MF,ラミズ・ゼルキ,トゥウェンテ,148,84.7,ヨーロッパ,オランダ
コロンビア,GK,アルバロ・モンテーロ,ベレス・サルスフィエルド,150,84.6,ヨーロッパ,アルゼンチン
クロアチア,DF,ルカ・ヴシュコヴィッチ,ハンブルガーSV,152,84.5,ヨーロッパ,ドイツ
スイス,DF,ミロ・ミュハイム,ハンブルガーSV,152,84.5,ヨーロッパ,ドイツ
ノルウェー,GK,サンデル・タンヴィク,ハンブルガーSV,152,84.5,ヨーロッパ,ドイツ
ブラジル,FW,ネイマール,サントス,153,84.5,南アメリカ,ブラジル
オーストリア,DF,マルコ・フリードル,ブレーメン,155,84.5,ヨーロッパ,ドイツ
オーストリア,MF,ロマーノ・シュミット,ブレーメン,155,84.5,ヨーロッパ,ドイツ
日本,DF,菅原由勢,ブレーメン,155,84.5,ヨーロッパ,ドイツ
アメリカ,MF,セバスティアン・バーホルター,バンクーバー・ホワイトキャップス,156,84.4,北中米,カナダ
チュニジア,FW,ラヤン・エルルミ,バンクーバー・ホワイトキャップス,156,84.4,北中米,カナダ
パラグアイ,MF,アンドレス・クバス,バンクーバー・ホワイトキャップス,156,84.4,北中米,カナダ
オーストラリア,DF,アレッサンドロ・チルカティ,パルマ,157,84.4,ヨーロッパ,イタリア
日本,GK,鈴木彩艶,パルマ,157,84.4,ヨーロッパ,イタリア
パラグアイ,DF,グスタボ・ベラスケス,セロ・ポルテーニョ,158,84.2,南アメリカ,パラグアイ
パラグアイ,GK,ロベルト・フェルナンデス,セロ・ポルテーニョ,158,84.2,南アメリカ,パラグアイ
パナマ,FW,アザリアス・ロンドニョ,ウニベルシダ・カトリカ,159,84.2,南アメリカ,チリ
パナマ,FW,ホセ・ファハルド,ウニベルシダ・カトリカ,159,84.2,南アメリカ,チリ
オーストラリア,FW,テテ・イェンギ,FC町田ゼルビア,160,84.2,アジア,日本
アルジェリア,MF,ヒシャム・ブダウィ,ニース,161,84.2,ヨーロッパ,フランス
エジプト,DF,モハメド・アブデルモネイム,ニース,161,84.2,ヨーロッパ,フランス
ガーナ,DF,コジョ・ペプラ・オッポン,ニース,161,84.2,ヨーロッパ,フランス
カナダ,DF,モイーズ・ボンビト,ニース,161,84.2,ヨーロッパ,フランス
コートジボワール,FW,エリー・ワヒ,ニース,161,84.2,ヨーロッパ,フランス
セネガル,DF,アントワーヌ・メンディ,ニース,161,84.2,ヨーロッパ,フランス
セネガル,GK,イェヴァン・ディウフ,ニース,161,84.2,ヨーロッパ,フランス
チュニジア,DF,アリ・アブディ,ニース,161,84.2,ヨーロッパ,フランス
カナダ,MF,マシュー・ショワニエール,ロサンゼルスFC,163,84.2,北中米,アメリカ
韓国,FW,ソン・フンミン,ロサンゼルスFC,163,84.2,北中米,アメリカ
パラグアイ,GK,ガストン・オルベイラ,オリンピア,164,84.2,南アメリカ,パラグアイ
ウルグアイ,GK,セルヒオ・ロシェ,インテルナシオナル,165,84.1,南アメリカ,ブラジル
エクアドル,DF,フェリックス・トーレス,インテルナシオナル,165,84.1,南アメリカ,ブラジル
コンゴ民主共和国,DF,アクセル・トゥアンゼベ,バーンリー,168,84.1,ヨーロッパ,イングランド
スイス,FW,ゼキ・アムドゥニ,バーンリー,168,84.1,ヨーロッパ,イングランド
スウェーデン,DF,ヒャルマル・エクダル,バーンリー,168,84.1,ヨーロッパ,イングランド
チュニジア,MF,ハンニバル・メイブリ,バーンリー,168,84.1,ヨーロッパ,イングランド
南アフリカ,FW,ライル・フォスター,バーンリー,168,84.1,ヨーロッパ,イングランド
エクアドル,MF,アラン・フランコ,アトレチコ・ミネイロ,169,84.1,南アメリカ,ブラジル
エクアドル,MF,アラン・ミンダ,アトレチコ・ミネイロ,169,84.1,南アメリカ,ブラジル
エクアドル,DF,アンヘロ・プレシアード,アトレチコ・ミネイロ,169,84.1,南アメリカ,ブラジル
パラグアイ,DF,フニオール・アロンソ,アトレチコ・ミネイロ,169,84.1,南アメリカ,ブラジル
コートジボワール,DF,エマニュエル・アグバドゥ,ベシクタシュ,170,84.1,ヨーロッパ,トルコ
トルコ,MF,オルクン・コクチュ,ベシクタシュ,170,84.1,ヨーロッパ,トルコ
パナマ,DF,アミル・ムリージョ,ベジクタシュ,170,84.1,ヨーロッパ,トルコ
韓国,FW,オ・ヒョンギュ,ベシクタシュ,170,84.1,ヨーロッパ,トルコ
オーストリア,MF,デヤン・リュビチッチ,シャルケ,172,84,ヨーロッパ,ドイツ
ボスニア・ヘルツェゴビナ,FW,エディン・ジェコ,シャルケ,172,84,ヨーロッパ,ドイツ
ボスニア・ヘルツェゴビナ,DF,ニコラ・カティッチ,シャルケ,172,84,ヨーロッパ,ドイツ
メキシコ,DF,マテオ・チャベス,AZアルクマール,173,84,ヨーロッパ,オランダ
ニュージーランド,GK,マックス_クロコム,ミルウォール,174,84,ヨーロッパ,イングランド
オランダ,FW,ヴァウト・ヴェグホルスト,アヤックス,176,84,ヨーロッパ,オランダ
クロアチア,DF,ヨシプ・シュタロ,アヤックス,176,84,ヨーロッパ,オランダ
日本,DF,板倉滉,アヤックス,176,84,ヨーロッパ,オランダ
日本,DF,冨安健洋,アヤックス,176,84,ヨーロッパ,オランダ
オーストラリア,GK,ポール・イッツォ,ラヌース,177,84,南アメリカ,アルゼンチン
パラグアイ,DF,ホセ・カナレ,ラヌース,177,84,南アメリカ,アルゼンチン
エクアドル,GK,エルナン・ガリンデス,ウラカン,180,83.9,南アメリカ,アルゼンチン
エクアドル,FW,ジョルディ・カイセド,ウラカン,180,83.9,南アメリカ,アルゼンチン
パラグアイ,MF,ダミアン・ボバディージャ,サンパウロ,182,83.9,南アメリカ,ブラジル
ウルグアイ,MF,ファクンド・ペリストリ,パナシナイコス,183,83.8,ヨーロッパ,ギリシャ
コートジボワール,GK,アルバン・ラフォン,パナシナイコス,183,83.8,ヨーロッパ,ギリシャ
ガーナ,FW,クリストファー・ボンス・バー,アル・カーディシーヤ,184,83.7,アジア,サウジアラビア
サウジアラビア,GK,アーメド・アル・カッサル,アル・カーディシーヤ,184,83.7,アジア,サウジアラビア
サウジアラビア,DF,ジェハド・タクリ,アル・カーディシーヤ,184,83.7,アジア,サウジアラビア
サウジアラビア,MF,ムサブ・アル・ジュワイル,アル・カーディシーヤ,184,83.7,アジア,サウジアラビア
サウジアラビア,DF,モハメド・アブ・アル・シャマト,アル・カーディシーヤ,184,83.7,アジア,サウジアラビア
メキシコ,FW,フリアン・キニョネス,アル・カーディシーヤ,184,83.7,アジア,サウジアラビア
エジプト,FW,イブラヒム・アデル,ノアシェラン,186,83.7,ヨーロッパ,デンマーク
ガーナ,MF,ケイレブ・イレンキノア,ノアシェラン,186,83.7,ヨーロッパ,デンマーク
カーボベルデ,MF,テルモ・アルカンジョ,ヴィトーリア・ギマランイス,187,83.7,ヨーロッパ,ポルトガル
カナダ,DF,ニコ・シグル,HNKハイドゥク・スプリト,189,83.7,ヨーロッパ,クロアチア
パナマ,FW,セシリオ・ウォーターマン,コキンボ・ウニド,190,83.6,南アメリカ,チリ
ウルグアイ,FW,ロドリゴ・アギーレ,UANLティグレス,191,83.6,北中米,メキシコ
カナダ,MF,マルセロ・フローレス,UANLティグレス,191,83.6,北中米,メキシコ
カーボベルデ,DF,ワグナー・ピナ,トラブゾンスポル,193,83.6,ヨーロッパ,トルコ
コートジボワール,MF,クリスト・イナオ・ウライ,トラブゾンスポル,193,83.6,ヨーロッパ,トルコ
ボスニア・ヘルツェゴビナ,FW,サメド・バジュダル,ヤギエロニア・ビャウィストク,194,83.6,ヨーロッパ,ポーランド
コンゴ民主共和国,GK,リオネル・ムパシ,ル・アーヴル,195,83.6,ヨーロッパ,フランス
セネガル,GK,モリ・ディアウ,ル・アーヴル,195,83.6,ヨーロッパ,フランス
日本,DF,瀬古歩夢,ル・アーヴル,195,83.6,ヨーロッパ,フランス
アルジェリア,MF,ヤシン・ティトラウイ,シャルルロワ,196,83.6,ヨーロッパ,ベルギー
コートジボワール,MF,パルフェ・ギアゴン,シャルルロワ,196,83.6,ヨーロッパ,ベルギー
コートジボワール,GK,モハメド・コネ,シャルルロワ,196,83.6,ヨーロッパ,ベルギー
イラク,MF,マルコ・ファルジ,ヴェネツィア,197,83.6,ヨーロッパ,イタリア
エクアドル,MF,ジョン・イェボア,ヴェネツィア,197,83.6,ヨーロッパ,イタリア
オーストリア,DF,ミヒャエル・スヴォボダ,ヴェネツィア,197,83.6,ヨーロッパ,イタリア
パラグアイ,DF,ファビアン・バルブエナ,グレミオ,201,83.5,南アメリカ,ブラジル
ブラジル,GK,ウェヴェルトン,グレミオ,201,83.5,南アメリカ,ブラジル
コンゴ民主共和国,FW,テオ・ボンゴンダ,スパルタク・モスクワ,205,83.4,ヨーロッパ,ロシア
オーストリア,FW,サーシャ・カライジッチ,LASK,207,83.4,ヨーロッパ,オーストリア
パナマ,DF,アンドレス・アンドラーデ,LASK,207,83.4,ヨーロッパ,オーストリア
スウェーデン,DF,エリオット・ストラウド,ミャルビーAIF,208,83.4,ヨーロッパ,スウェーデン
パラグアイ,GK,オルランド・ヒル,サン・ロレンソ,209,83.4,南アメリカ,アルゼンチン
オーストラリア,FW,モハメド・トゥーレ,ノリッジ・シティ,212,83.4,ヨーロッパ,イングランド
カナダ,MF,アリ・アーメド,ノリッジ・シティ,212,83.4,ヨーロッパ,イングランド
スコットランド,MF,ケニー・マクリーン,ノリッジ・シティ,212,83.4,ヨーロッパ,イングランド
チュニジア,MF,アニス・ベン・スリマネ,ノリッジ・シティ,212,83.4,ヨーロッパ,イングランド
パナマ,DF,ホセ・コルドバ,ノリッジ・シティ,212,83.4,ヨーロッパ,イングランド
クロアチア,MF,トニ・フルク,リエカ,215,83.3,ヨーロッパ,クロアチア
ボスニア・ヘルツェゴビナ,DF,スティエパン・ラデリッチ,リエカ,215,83.3,ヨーロッパ,クロアチア
ボスニア・ヘルツェゴビナ,GK,マルティン・ズロミスリッチ,リエカ,215,83.3,ヨーロッパ,クロアチア
カナダ,MF,ネイサン・サリバ,アンデルレヒト,216,83.3,ヨーロッパ,ベルギー
メキシコ,FW,セサル・ウエルタ,アンデルレヒト,216,83.3,ヨーロッパ,ベルギー
アメリカ,MF,クリスティアン・ロルダン,シアトル・サウンダーズ,217,83.3,北中米,アメリカ
パラグアイ,DF,アレクサンドロ・マイダナ,タジェレス,218,83.3,南アメリカ,アルゼンチン
ウズベキスタン,MF,アボスベク・ファイズラエフ,イスタンブール・バシャクシェヒル,221,83.2,ヨーロッパ,トルコ
ウズベキスタン,FW,エルドル・ショムロドフ,イスタンブール・バシャクシェヒル,221,83.2,ヨーロッパ,トルコ
ガーナ,DF,ジェローム・オポク,イスタンブール・バシャクシェヒル,221,83.2,ヨーロッパ,トルコ
カーボベルデ,FW,ヌーノ・ダ・コスタ,イスタンブール・バシャクシェヒル,221,83.2,ヨーロッパ,トルコ
コートジボワール,DF,クリストファー・オペリ,イスタンブール・バシャクシェヒル,221,83.2,ヨーロッパ,トルコ
アメリカ,FW,アレハンドロ・ゼンデハス,アメリカ,224,83.2,北中米,アメリカ
ウルグアイ,DF,セバスティアン・カセレス,アメリカ,224,83.2,北中米,アメリカ
ウルグアイ,MF,ブライアン・ロドリゲス,アメリカ,224,83.2,北中米,アメリカ
メキシコ,DF,イスラエル・レジェス,アメリカ,224,83.2,北中米,アメリカ
カナダ,DF,デレク・コーネリアス,レンジャーズ,226,83.1,ヨーロッパ,スコットランド
スコットランド,DF,ジョン・サウター,レンジャーズ,226,83.1,ヨーロッパ,スコットランド
スコットランド,GK,リアム・ケリー,レンジャーズ,226,83.1,ヨーロッパ,スコットランド
ノルウェー,MF,セロニアス・アースゴール,レンジャーズ,226,83.1,ヨーロッパ,スコットランド
ベルギー,MF,ニコラス・ラスキン,レンジャーズ,226,83.1,ヨーロッパ,スコットランド
イラク,MF,アフメド・カセム,ナッシュビル,227,83,北中米,アメリカ
ウズベキスタン,GK,ウトキル・ユスポフ,ナフバホール,227,83,アジア,ウズベキスタン
カナダ,MF,ジェイコブ・シャッフェルバーグ,ナッシュビル,227,83,北中米,アメリカ
アルジェリア,FW,ファレス_ゲジェミス,フロジノーネ,228,83,ヨーロッパ,イタリア
コロンビア,FW,アンドレス・ゴメス,ヴァスコ・ダ・ガマ,229,83,南アメリカ,ブラジル
エクアドル,FW,エネル・バレンシア,パチューカ,231,83,北中米,メキシコ
ボスニア・ヘルツェゴビナ,DF,アルヤン・マリッチ,シュトゥルム・グラーツ,232,83,ヨーロッパ,オーストリア
アルジェリア,FW,ナディール・ベンブアリ,ジェールETO,233,83,ヨーロッパ,ハンガリー
エジプト,DF,カリム・ハフェズ,ピラミッズ,234,82.9,アフリカ,エジプト
エジプト,MF,モスタファ・ジコ,ピラミッズ,234,82.9,アフリカ,エジプト
エジプト,MF,モハナド・ラシーン,ピラミッズ,234,82.9,アフリカ,エジプト
コンゴ民主共和国,FW,フィストン・マイエレ,ピラミッズ,234,82.9,アフリカ,エジプト
ヨルダン,FW,オーデ・アル・ファーフーリー,ピラミッズ,234,82.9,アフリカ,エジプト
イラク,MF,ジダン・アーマー・イクバル,ユトレヒト,235,82.9,ヨーロッパ,オランダ
キュラソー,DF,デヴェロン・フォンヴィル,NECナイメヘン,236,82.9,ヨーロッパ,オランダ
日本,MF/FW,小川航基,NECナイメヘン,236,82.9,ヨーロッパ,オランダ
エクアドル,GK,ゴンサロ・バジェ,LDUキト,239,82.8,南アメリカ,エクアドル
ハイチ,DF,リカルド・アデ,LDUキト,239,82.8,南アメリカ,エクアドル
ガーナ,GK,ローレンス・アティ＝ジギ,ザンクト・ガlen,240,82.8,ヨーロッパ,スイス
メキシコ,FW,アルマンド・ゴンサレス,グアダラハラ・チバス,241,82.8,北中米,メキシコ
メキシコ,MF,ブライアン・グティエレス,グアダラハラ・チバス,241,82.8,北中米,メキシコ
メキシコ,GK,ラウール・ランヘル,グアダラハラ・チバス,241,82.8,北中米,メキシコ
メキシコ,MF,ルイス・ロモ,グアダラハラ・チバス,241,82.8,北中米,メキシコ
メキシコ,FW,ロベルト・アルバラド,グアダラハラ・チバス,241,82.8,北中米,メキシコ
スウェーデン,GK,ヤコブ・ヴィデル・ゼッテルストレーム,ダービー・カウンティ,242,82.8,ヨーロッパ,イングランド
ノルウェー,DF,ソンドレ・ランガス,ダービー・カウンティ,242,82.8,ヨーロッパ,イングランド
キュラソー,FW,タヒス・チョン,シェフィールド・ユナイテッド,246,82.7,ヨーロッパ,イングランド
ニュージーランド,DF,タイラー・ビンドン,シェフィールド・ユナイテッド,246,82.7,ヨーロッパ,イングランド
イラン,FW,デニス・ダルガヒ,スタンダール・リエージュ,249,82.6,ヨーロッパ,ベルギー
コンゴ民主共和国,GK,マチュー・エポロ,スタンダール・リエージュ,249,82.6,ヨーロッパ,ベルギー
スコットランド,DF,ドム・ハイアム,レクサム,250,82.6,ヨーロッパ,ウェールズ
ニュージーランド,DF,リベラト・カカーチェ,レクサム,250,82.6,ヨーロッパ,ウェールズ
チュニジア,MF,モハメド・ハジ・マフムード,ルガーノ,253,82.5,ヨーロッパ,スイス
ハイチ,DF,ハネス・デルクロワ,ルガーノ,253,82.5,ヨーロッパ,スイス
コートジボワール,DF,ギスラン・コナン,ジル・ビセンテ,255,82.4,ヨーロッパ,ポルトガル
ヨルダン,DF,ヤザン・アル・アラブ,FCソウル,256,82.3,アジア,韓国
韓国,MF,キム・ジンギュ,全北現代,257,82.4,アジア,韓国
韓国,GK,ソン・ボムグン,全北現代,257,82.4,アジア,韓国
韓国,DF,チョ・ウィジェ,全北現代,257,82.4,アジア,韓国
キュラソー,FW,ヤール・マルガリータ,ベフェレン,258,82.4,ヨーロッパ,ベルギー
カーボベルデ,FW,ガリー・ロドリゲス,アポロン・リマソル,260,82.3,ヨーロッパ,キプロス
韓国,MF,ペク・スンホ,バーミンガム・シティ,261,82.3,ヨーロッパ,イングランド
オーストラリア,DF,キャメロン・バージェス,スウォンジー・シティ,262,82.3,ヨーロッパ,ウェールズ
ニュージーランド,MF,マルコ・スタメニッチ,スウォンジー・シティ,262,82.3,ヨーロッパ,ウェールズ
韓国,MF,オム・ジソン,スウォンジー・シティ,262,82.3,ヨーロッパ,ウェールズ
韓国,GK,キム・スンギュ,FC東京,264,82.3,アジア,日本
日本,DF,長友佑都,FC東京,264,82.3,アジア,日本
南アフリカ,FW,エヴィデンス・マクゴバ,オーランド・パイレーツ,265,82.3,アフリカ,南アフリカ
南アフリカ,FW,オスウィン・アポリス,オーランド・パイレーツ,265,82.3,アフリカ,南アフリカ
南アフリカ,DF,カモゲロ・セベレベレ,オーランド・パイレーツ,265,82.3,アフリカ,南アフリカ
南アフリカ,GK,シフォ・チェイン,オーランド・パイレーツ,265,82.3,アフリカ,南アフリカ
南アフリカ,MF,タレンテ・ムバサ,オーランド・パイレーツ,265,82.3,アフリカ,南アフリカ
南アフリカ,FW,ツェパン・モレミ,オーランド・パイレーツ,265,82.3,アフリカ,南アフリカ
南アフリカ,FW,レレボヒレ・モフォケン,オーランド・パイレーツ,265,82.3,アフリカ,南アフリカ
南アフリカ,DF,ンコシナティ・シビシ,オーランド・パイレーツ,265,82.3,アフリカ,南アフリカ
コンゴ民主共和国,FW,ブライアン・シペンガ,カステジョン,266,82.2,ヨーロッパ,スペイン
チュニジア,FW,エリアス・サード,ハノーファー,268,82.2,ヨーロッパ,ドイツ
南アフリカ,DF,イメ・オコン,ハノーファー,268,82.2,ヨーロッパ,ドイツ
モロッコ,GK,ムニル・エル・カジュイ,ベルカンヌ,271,82.2,アフリカ,モロッコ
オーストリア,GK,パトリック・ペンツ,ブレンビー,275,82.1,ヨーロッパ,デンマーク
ボスニア・ヘルツェゴビナ,MF,ベンヤミン・タヒロヴィッチ,ブレンビー,275,82.1,ヨーロッパ,デンマーク
パラグアイ,DF,フアン・カセレス,ディナモ・モスクワ,276,82.1,ヨーロッパ,ロシア
メキシコ,MF,ルイス・チャベス,ディナモ・モスクワ,276,82.1,ヨーロッパ,ロシア
ベルギー,MF,アクセル・ヴィツェル,ジローナ,278,82.1,ヨーロッパ,スペイン
モロッコ,MF,アゼディン・ウナヒ,ジローナ,278,82.1,ヨーロッパ,スペイン
イラク,DF,フセイン・アリ,ポゴニ・シュチェチン,280,82,ヨーロッパ,ポーランド
ハイチ,DF,カルラン・アルキュス,アンジェ,282,82,ヨーロッパ,フランス
モロッコ,FW,アミン・スバイ,アンジェ,282,82,ヨーロッパ,フランス
セネガル,FW,シェリフ・エンディアイェ,サムスンスポル,283,82,ヨーロッパ,トルコ
ハイチ,DF,ウィルゲンス・ポーガンズ,ズルテ・ワレヘム,284,82,ヨーロッパ,トルコ
カナダ,FW,サイル・ラリン,マジョルカ,287,81.9,ヨーロッパ,スペイン
コロンビア,DF,ホアン・モヒカ,マジョルカ,287,81.9,ヨーロッパ,スペイン
ポルトガル,MF,サム・コスタ,マジョルカ,287,81.9,ヨーロッパ,スペイン
チュニジア,DF,ディラン・ブロン,セルヴェット,291,81.8,ヨーロッパ,スイス
エクアドル,MF,ペドロ・ビテ,UNAMプマース,295,81.8,北中米,メキシコ
パナマ,MF,アダルベルト・カラスキージャ,UNAMプマース,295,81.8,北中米,メキシコ
メキシコ,FW,ギジェルモ・マルティネス,UNAMプマース,295,81.8,北中米,メキシコ
南アフリカ,FW,イクラーム・レイナーズ,マメロディ・サンダウンズ,300,81.7,アフリカ,南アフリカ
南アフリカ,DF,オーブリー・モディバ,マメロディ・サンダウンズ,300,81.7,アフリカ,南アフリカ
南アフリカ,DF,クリソ・ムダウ,マメロディ・サンダウンズ,300,81.7,アフリカ,南アフリカ
南アフリカ,DF,クルマニ・ンダマネ,マメロディ・サンダウンズ,300,81.7,アフリカ,南アフリカ
南アフリカ,MF,ジェイデン・アダムス,マメロディ・サンダウンズ,300,81.7,アフリカ,南アフリカ
南アフリカ,MF,ゼンバ・ズワネ,マメロディ・サンダウンズ,300,81.7,アフリカ,南アフリカ
南アフリカ,MF,テボホ・モコエナ,マメロディ・サンダウンズ,300,81.7,アフリカ,南アフリカ
南アフリカ,GK,ロンウェン・ウィリアムズ,マメロディ・サンダウンズ,300,81.7,アフリカ,南アフリカ
韓国,MF,イ・ギヒョク,江原FC,303,81.6,アジア,韓国
アルジェリア,DF,ジャウエン・アジャム,ヤング・ボーイズ,304,81.6,ヨーロッパ,スイス
スイス,MF,クリスティアン・ファスナハト,ヤング・ボーイズ,304,81.6,ヨーロッパ,スイス
スイス,GK,マルビン・ケラー,ヤング・ボーイズ,304,81.6,ヨーロッパ,スイス
チュニジア,DF,ヤン・ヴァレリー,ヤング・ボーイズ,304,81.6,ヨーロッパ,スイス
ハイチ,DF,キート・テルモンシー,ヤング・ボーイズ,304,81.6,ヨーロッパ,スイス
ボスニア・ヘルツェゴビナ,MF,アルミン・ギゴヴィッチ,ヤング・ボーイズ,304,81.6,ヨーロッパ,スイス
パラグアイ,FW,グスタボ・カバジェロ,ポーツマス,306,81.6,ヨーロッパ,イングランド
カーボベルデ,MF,デロイ・ドゥアルテ,ルドゴレツ,307,81.6,ヨーロッパ,ブルガリア
コートジボワール,FW,ウマル・ディアキテ,サークル・ブルッヘ,310,81.5,ヨーロッパ,ベルギー
エクアドル,FW,アントニー・バレンシア,ロイヤル・アントワープ,311,81.5,ヨーロッパ,ベルギー
オーストリア,GK,アレクサンダー・シュラーガー,ザルツブルク,314,81.5,ヨーロッパ,オーストリア
ボスニア・ヘルツェゴビナ,MF,ケリム・アライベゴヴィッチ,ザルツブルク,314,81.5,ヨーロッパ,オーストリア
ヨルダン,FW,モハメド・アブズライク,ラジャ・カサブランカ,318,81.4,アフリカ,モロッコ
イラク,MF,アミル・アル・アマリ,KSクラコヴィア,321,81.4,ヨーロッパ,ポーランド
メキシコ,DF,セサル・モンテス,ロコモティフ・モスクワ,323,81.3,ヨーロッパ,ロシア
チェコ,MF,ヴラディミール・ダリダ,フラデツ・クラーロヴェー,326,81.3,ヨーロッパ,チェコ
オーストラリア,MF,キャメロン・デブリン,ハーツ,329,81.2,ヨーロッパ,スコットランド
スコットランド,GK,クレイグ・ゴードン,ハーツ,329,81.2,ヨーロッパ,スコットランド
スコットランド,FW,ローレンス・シャンクランド,ハーツ,329,81.2,ヨーロッパ,スコットランド
クロアチア,FW,ペタル・ムサ,FCダラス,331,81.2,北中米,アメリカ
スウェーデン,DF,ヘルマン・ヨハンソン,FCダラス,331,81.2,北中米,アメリカ
ハイチ,FW,ルイシウス・ディードソン,FCダラス,331,81.2,北中米,アメリカ
ハイチ,DF,ジャン＝ケヴィン・デュヴェルヌ,コルトレイク,332,81.2,ヨーロッパ,ベルギー
ボスニア・ヘルツェゴビナ,FW,ヨヴォ・ルキッチ,クルージュ,334,81.2,ヨーロッパ,ルーマニア
モロッコ,DF,レドゥアン・ハルハル,メヘレン,335,81.2,ヨーロッパ,ベルギー
アメリカ,GK,クリス・ブレイディ,シカゴ・ファイアー,336,81.1,北中米,アメリカ
カナダ,DF,ジョエル・ウォーターマン,シカゴ・ファイアー,336,81.1,北中米,アメリカ
南アフリカ,DF,ムベケゼリ・ムボカジ,シカゴ・ファイアー,336,81.1,北中米,アメリカ
南アフリカ,DF,サムケレ・カビニ,モルデ,337,81.1,ヨーロッパ,ノルウェー
アメリカ,GK,マット・フリース,ニューヨーク・シティ,338,81.1,北中米,アメリカ
オーストラリア,MF,エイデン・オニール,ニューヨーク・シティ,338,81.1,北中米,アメリカ
オーストラリア,DF,カイ・トレウィン,ニューヨーク・シティ,338,81.1,北中米,アメリカ
パナマ,GK,ルイス・メヒア,ナシオナル,339,81.1,南アメリカ,ウルグアイ
パナマ,DF,セサル・ブラックマン,スロヴァン・ブラティスラヴァ,340,81.1,ヨーロッパ,スロバキア
カーボベルデ,FW,ジウソン・タヴァレス,エストリウ,341,81.1,ヨーロッパ,ポルトガル
コンゴ民主共和国,DF,スティーブ・カプアディ,ヴィジェフ・ウッチ,343,81.1,ヨーロッパ,ポーランド
ウルグアイ,FW,フェデリコ・ビニャス,オビエド,346,81,ヨーロッパ,スペイン
エジプト,FW,ハイセム・ハッサン,オビエド,346,81,ヨーロッパ,スペイン
ガーナ,MF,クワシ・シボ,オビエド,346,81,ヨーロッパ,スペイン
イラン,MF,サイード・エザトラヒ,シャバーブ・アル・アハリ,347,81,アジア,アラブ
日本,MF/FW,町野修斗,FCシンシナティ,355,80.9,北中米,アメリカ
コンゴ民主共和国,GK,ティモシー・ファユル,FCノア,357,80.9,ヨーロッパ,アルメニア
ボスニア・ヘルツェゴビナ,GK,ムラデン・ユルカス,FKボラツ,366,80.7,ヨーロッパ,ボスニア
アルジェリア,DF,モハメド・アミヌ・トガイ,エスペランス,368,80.7,アフリカ,チュニジア
チュニジア,DF,モハメド・アミン・ベン・ハミダ,エスペランス,368,80.7,アフリカ,チュニジア
エジプト,DF,アーメド・ファトウー,ザマレク,370,80.6,アフリカ,エジプト
エジプト,GK,エル・マフディ・ソリマン,ザマレク,370,80.6,アフリカ,エジプト
エジプト,DF,ホッサム・アブデルマギド,ザマレク,370,80.6,アフリカ,エジプト
エクアドル,DF,ジャクソン・ポロソ,ティフアナ,382,80.5,北中米,メキシコ
メキシコ,MF,ヒルベルト・モラ,ティフアナ,382,80.5,北中米,メキシコ
イラク,MF,アイマール・シェール,サルプスボルグ08,384,80.5,ヨーロッパ,ノルウェー
エジプト,DF,ラミー・ラビア,アル・アイン,385,80.5,アジア,アラブ
パラグアイ,MF,アレハンドロ・ロメロ,アル・アイン,385,80.5,アジア,アラブ
モロッコ,FW,スフィアン・ラヒミ,アル・アイン,385,80.5,アジア,アラブ
スウェーデン,MF,タハ・アリ,マルメ,388,80.5,ヨーロッパ,スウェーデン
アメリカ,DF,マックス・アーフステン,コロンバス・クルー,390,80.4,北中米,アメリカ
カーボベルデ,DF,スティーヴン・モレイラ,コロンバス・クルー,390,80.4,北中米,アメリカ
コロンビア,MF,ハメス・ロドリゲス,ミネソタ・ユナイテッド,395,80.3,北中米,アメリカ
ニュージーランド,DF,マイケル・ボクソール,ミネソタ・ユナイテッド,395,80.3,北中米,アメリカ
パナマ,MF,カルロス・ハーベイ,ミネソタ・ユナイテッド,395,80.3,北中米,アメリカ
ハイチ,MF,ダンリー・ジャン＝ジャック,フィラデルフィア・ユニオン,397,80.3,北中米,アメリカ
南アフリカ,DF,オルウェトゥ・マカンヤ,フィラデルフィア・ユニオン,397,80.3,北中米,アメリカ
スウェーデン,GK,クリストフェル・ノードフェルト,AIK,398,80.2,ヨーロッパ,スウェーデン
オーストラリア,DF,ミロシュ・デゲネク,APOEL,405,80.1,ヨーロッパ,キプロス
カーボベルデ,FW,エリオ・バレラ,マッカビ・テルアビブ,406,80.1,アジア,イスラエル
イラク,FW,モハナド・アリ,アリス・テッサロニキ,413,80,ヨーロッパ,ギリシャ
コンゴ民主共和国,DF,ゲデオン・カルル,アリス・テッサロニキ,413,80,ヨーロッパ,ギリシャ
ハイチ,FW,レニー・ジョゼフ,レアル・ソルトレイク,419,79.9,北中米,アメリカ
カーボベルデ,DF,ジョアン・パウロ,FCSB,427,79.7,ヨーロッパ,ルーマニア
アルジェリア,FW,モハメド・アムラ,ヴォルフスブルク,428,79.7,ヨーロッパ,ドイツ
オーストリア,MF,パトリック・ヴィマー,ヴォルフスブルク,428,79.7,ヨーロッパ,ドイツ
ガーナ,DF,ジョナス・アジェテイ,ヴォルフスブルク,428,79.7,ヨーロッパ,ドイツ
スウェーデン,MF,マティアス・スヴァンベリ,ヴォルフスブルク,428,79.7,ヨーロッパ,ドイツ
日本,MF/FW,塩貝健人,ヴォルフスブルク,428,79.7,ヨーロッパ,ドイツ
カーボベルデ,GK,CJ・ドス・サントス,サンディエゴFC,439,79.6,北中米,アメリカ
パナマ,MF,アニバル・ゴドイ,サンディエゴFC,439,79.6,北中米,アメリカ
キュラソー,DF,リーシェドリー・バズール,コンヤスポル,443,79.6,ヨーロッパ,トルコ
ウルグアイ,GK,サンティアゴ・メレ,モンテレイ,444,79.6,北中米,メキシコ
スコットランド,FW,リンドン・ダイクス,チャールトン,451,79.4,ヨーロッパ,イングランド
オーストラリア,FW,ネストリー・イランクンダ,ワトフォード,452,79.4,ヨーロッパ,イングランド
キュラソー,MF,レアンドロ・バクーナ,ワトフォード,452,79.4,ヨーロッパ,イングランド
コンゴ民主共和国,MF,エド・カイェンベ,ワトフォード,452,79.4,ヨーロッパ,イングランド
ノルウェー,GK,エギル・セルヴィク,ワトフォード,452,79.4,ヨーロッパ,イングランド
韓国,DF,イ・テソク,オーストリア・ウィーン,458,79.4,ヨーロッパ,オーストリア
コートジボワール,GK,ヤヒア・フォファナ,チャイクル・リゼスポル,461,79.4,ヨーロッパ,トルコ
トルコ,DF,サメト・アクアイディン,チャイクル・リゼスポル,461,79.4,ヨーロッパ,トルコ
ハイチ,FW,フランズディ・ピエロ,チャイクル・リゼスポル,461,79.4,ヨーロッパ,トルコ
日本,MF/FW,中村敬斗,スタッド・ランス,470,79.2,ヨーロッパ,フランス
カナダ,GK,マクシム・クレポー,オーランド・シティ,472,79.2,北中米,アメリカ
クロアチア,FW,マルコ・パシャリッチ,オーランド・シティ,472,79.2,北中米,アメリカ
パラグアイ,MF,ブライアン・オヘダ,オーランド・シティ,472,79.2,北中米,アメリカ
アメリカ,DF,ティム・リーム,シャーロットFC,478,79.1,北中米,アメリカ
ボスニア・ヘルツェゴビナ,MF,エルミン・マフミッチ,スロヴァン・リベレツ,479,79.1,ヨーロッパ,チェコ
アルジェリア,MF,フセム・アワール,アル・イテハド,482,79.1,アジア,サウジアラビア
サウジアラビア,FW,サレー・アル・シェフリ,アル・イテハド,482,79.1,アジア,サウジアラビア
サウジアラビア,DF,ハッサーン・カデシュ,アル・イテハド,482,79.1,アジア,サウジアラビア
ブラジル,MF,ファビーニョ,アル・イテハド,482,79.1,アジア,サウジアラビア
イラン,FW,アミロホセイン・ホセインザデー,トラークトゥール,484,79.1,アジア,イラン
イラン,GK,アリレザ・ベイランヴァンド,トラークトゥール,484,79.1,アジア,イラン
イラン,DF,ショジャー・ハリルザデー,トラークトゥール,484,79.1,アジア,イラン
イラン,MF,メフディ・トラビ,トラークトゥール,484,79.1,アジア,イラン
ウズベキスタン,MF,オディルジョン・ハムロベコフ,トラークトゥール,484,79.1,アジア,イラン
ニュージーランド,DF,フィン・サーマン,ポートランド・ティンバーズ,493,78.9,北中米,アメリカ
スコットランド,DF,グラント・ハンリー,ハイバーニアン,495,78.9,ヨーロッパ,スコットランド
韓国,DF,キム・ムンファン,大田ハナシチズン,500,78.9,アジア,韓国
オーストラリア,FW,コナー・メトカーフ,ザンクト・パウリ,501,78.8,ヨーロッパ,ドイツ
オーストラリア,MF,ジャクソン・アーバイン,ザンクト・パウリ,501,78.8,ヨーロッパ,ドイツ
スウェーデン,DF,エリック・スミス,ザンクト・パウリ,501,78.8,ヨーロッパ,ドイツ
ボスニア・ヘルツェゴビナ,GK,ニコラ・ヴァシリ,ザンクト・パウリ,501,78.8,ヨーロッパ,ドイツ
イラク,FW,アリ・アル・ハマディ,ルートン・タウン,504,78.3,ヨーロッパ,イングランド
カーボベルデ,MF,ラロス・ドゥアルテ,プスカシュ・アカデーミア,506,78.7,ヨーロッパ,ハンガリー
スウェーデン,GK,ヴィクトル・ヨハンソン,ストーク・シティ,507,78.7,ヨーロッパ,イングランド
韓国,MF,ペ・ジュノ,ストーク・シティ,507,78.7,ヨーロッパ,イングランド
コンゴ民主共和国,FW,メシャック・エリア,アランヤスポル,510,78.7,ヨーロッパ,トルコ
ガーナ,MF,オーガスティン・ボアキエ,サンテティエンヌ,511,78.7,ヨーロッパ,フランス
ニュージーランド,FW,ベン・オールド,サンテティエンヌ,511,78.7,ヨーロッパ,フランス
パナマ,FW,トマス・ロドリゲス,サプリサ,518,78.6,北中米,コスタリカ
パナマ,DF,フィデル・エスコバル,サプリサ,518,78.6,北中米,コスタリカ
カーボベルデ,FW,ダイロン・リブラメント,カーサ・ピア,528,78.6,ヨーロッパ,ポルトガル
アルジェリア,DF,ジネディーヌ・ベライド,JSカビリー,531,78.6,アフリカ,アルジェリア
スウェーデン,FW,アレクサンデル・ベルンハルトソン,ホルシュタイン・キール,533,78.5,ヨーロッパ,ドイツ
アルジェリア,GK,ルカ・ジダン,グラナダ,538,78.5,ヨーロッパ,スペイン
ニュージーランド,FW,イライジャ・ジャスト,マザーウェル,539,78.5,ヨーロッパ,スコットランド
コロンビア,DF,デイベル・マチャド,ナント,546,78.4,ヨーロッパ,フランス
カナダ,MF,ジェイデン・ネルソン,オースティンFC,548,78.4,オセアニア,ニュージーランド
ニュージーランド,DF,カラン・エリオット,オークランドFC,548,78.4,オセアニア,ニュージーランド
ニュージーランド,FW,ジェシー・ランドール,オークランドFC,548,78.4,オセアニア,ニュージーランド
ニュージーランド,DF,ナンド・パイナカー,オークランドFC,548,78.4,オセアニア,ニュージーランド
ニュージーランド,DF,フランシス・デ・フリース,オークランドFC,548,78.4,オセアニア,ニュージーランド
ニュージーランド,GK,マイケル・ウッド,オークランドFC,548,78.4,オセアニア,ニュージーランド
カーボベルデ,FW,ジョバネ・カブラル,エストレラ・アマドーラ,552,78.4,ヨーロッパ,ポルトガル
パナマ,DF,ホルヘ・グティエレス,デポルティボ・ラ・グアイラ,553,78.3,南アメリカ,ベネズエラ
キュラソー,GK,タイリーク・ボダック,テルスター,554,78.3,ヨーロッパ,オランダ
キュラソー,MF,タイリース・ノスリン,テルスター,554,78.3,ヨーロッパ,オランダ
キュラソー,DF,シュランディ・サンボ,スパルタ・ロッテルダム,556,78.3,ヨーロッパ,オランダ
ノルウェー,MF,モルテン・トルスビー,クレモネーゼ,558,78.3,ヨーロッパ,イタリア
パラグアイ,FW,アントニオ・サナブリア,クレモネーゼ,558,78.3,ヨーロッパ,イタリア
コンゴ民主共和国,FW,ナタナエル・ムブク,モンペリエ,559,77.9,ヨーロッパ,フランス
オーストラリア,DF,ルーカス・ヘリントン,コロラド・ラピッズ,567,78.2,北中米,アメリカ
韓国,MF,イ・ドンギョン,蔚山HD,577,78.1,アジア,韓国
韓国,GK,チョ・ヒョヌ,蔚山HD,577,78.1,アジア,韓国
キュラソー,FW,ケンジ・ゴレ,マッカビ・ハイファ,578,78.1,アジア,イスラエル
セネガル,DF,アブドゥライェ・セック,マッカビ・ハイファ,578,78.1,アジア,イスラエル
オーストラリア,FW,アヴェル・マビル,メルボルン・シティ,587,78,オセアニア,オーストリア
オーストラリア,DF,アジズ・ベヒッチ,メルボルン・シティ,587,78,オセアニア,オーストリア
オーストラリア,GK,パトリック・ビーチ,メルボルン・シティ,587,78,オセアニア,オーストリア
オーストラリア,FW,マシュー・レッキー,メルボルン・シティ,587,78,オセアニア,オーストリア
イラク,GK,アーメド・バースィル,アル・ショルタ,588,78,アジア,イラク
イラク,DF,マナフ・ユーニス,アル・ショルタ,588,78,アジア,イラク
イラク,DF,ムスタファ・サードー,アル・ショルタ,588,78,アジア,イラク
ニュージーランド,FW,カラム・マッコワット,シルケボー,594,78,ヨーロッパ,デンマーク
カタール,FW,アクラム・アフィフ,アル・サッド,595,78,アジア,カタール
カタール,FW,ハッサン・アル=ハイドス,アル・サッド,595,78,アジア,カタール
カタール,DF,ブアレム・フヒ,アル・サッド,595,78,アジア,カタール
カタール,DF,ペドロ・ミゲル（ロー・ロー）,アル・サッド,595,78,アジア,カタール
カタール,GK,マシャアル・バルシャム,アル・サッド,595,78,アジア,カタール
ボスニア・ヘルツェゴビナ,MF,ジェニス・ブルニッチ,カールスルーエ,598,77.9,ヨーロッパ,ドイツ
イラン,DF,アリア・ユセフィ,セパハン,600,77.9,アジア,イラン
イラン,DF,エフサン・ハジサフィ,セパハン,600,77.9,アジア,イラン
イラン,GK,ホセイン・ホセイニ,セパハン,600,77.9,アジア,イラン
イラン,MF,モハマド・モヘビ,FCロストフ,603,77.9,ヨーロッパ,ロシア
パナマ,DF,ジオバニ・ラモス,プエルト・カベージョ,606,77.9,南アメリカ,ベネズエラ
アルジェリア,DF,ラフィク・ベルガリ,エラス・ヴェローナ,608,77.9,ヨーロッパ,フランス
ウズベキスタン,MF,ジャムシド・イスカンデロフ,ネフチ,609,77.9,アジア,アゼルバイジャン
ウズベキスタン,DF,ファルーフ・サイフィエフ,ネフチ,609,77.9,アジア,アゼルバイジャン
ウズベキスタン,GK,ボティラリ・エルガシェフ,ネフチ,609,77.9,アジア,アゼルバイジャン
コンゴ民主共和国,MF,サミュエル・ムトゥサミー,アトロミトス,618,77.7,ヨーロッパ,ギリシャ
ヨルダン,MF,モハメド・アブ・タハ,アル・クウワ・アル・ジャウウィーヤ,625,77.7,アジア,イラク
チュニジア,DF,アデム・アルース,カスムパシャ,626,77.7,ヨーロッパ,トルコ
チュニジア,MF,モルタダ・ベン・ワネス,カスムパシャ,626,77.7,ヨーロッパ,トルコ
トルコ,FW,イフラン・ジャン・カフヴェジ,カスムパシャ,626,77.7,ヨーロッパ,トルコ
アメリカ,GK,マット・ターナー,ニューイングランド・レボリューション,629,77.7,北中米,アメリカ
コロンビア,GK,カミーロ・バルガス,アトラス,630,77.7,北中米,メキシコ
オーストラリア,DF,ハリー・ソウター,レスター・シティ,635,77.6,ヨーロッパ,イングランド
ガーナ,MF,アブドゥル・ファタウ,レスター・シティ,635,77.6,ヨーロッパ,イングランド
ガーナ,FW,ジョーダン・アイェウ,レスター・シティ,635,77.6,ヨーロッパ,イングランド
スイス,MF,ミシェル・エービシェル,ピサ,637,77.6,ヨーロッパ,イタリア
ヨルダン,DF,エフサン・ハダッド,アル・フセイン,641,77.5,アジア,ヨルダン
ヨルダン,DF,サイード・アル・ロサン,アル・フセイン,641,77.5,アジア,ヨルダン
ヨルダン,DF,サリム・オベイド,アル・フセイン,641,77.5,アジア,ヨルダン
ヨルダン,FW,マフムード・アル・マルディ,アル・フセイン,641,77.5,アジア,ヨルダン
ヨルダン,MF,モハンマド・アブ・ゴシュ,アル・フセイン,641,77.5,アジア,ヨルダン
ヨルダン,GK,ヤジード・アブレイラ,アル・フセイン,641,77.5,アジア,ヨルダン
ヨルダン,MF,ラジャーイー・アーイド,アル・フセイン,641,77.5,アジア,ヨルダン
パナマ,MF,ホセ・ルイス・ロドリゲス,フアレス,642,77.5,北中米,メキシコ
オーストリア,MF,アレッサンドロ・シェプフ,ヴォルフスベルガー,649,77.5,ヨーロッパ,オーストラリア
イラン,FW,アリ・アリプール,ペルセポリス,663,77.3,アジア,イラン
イラン,GK,パヤム・ニアズマンド,ペルセポリス,663,77.3,アジア,イラン
イラン,DF,ホセイン・カナーニ,ペルセポリス,663,77.3,アジア,イラン
イラン,DF,ミラド・モハマディ,ペルセポリス,663,77.3,アジア,イラン
ウズベキスタン,FW,イゴール・セルゲエフ,ペルセポリス,663,77.3,アジア,イラン
ウズベキスタン,FW,オストン・ウルノフ,ペルセポリス,663,77.3,アジア,イラン
コートジボワール,MF,ジャン＝ミカエル・セリ,NKマリボル,666,77.3,ヨーロッパ,スロベニア
チュニジア,DF,オマル・レキク,NKマリボル,666,77.3,ヨーロッパ,スロベニア
ボスニア・ヘルツェゴビナ,DF,ニハド・ムヤキッチ,ガズィアンテプ,667,77.3,ヨーロッパ,トルコ
パナマ,DF,ロデリック・ミラー,トゥラン・トヴス,675,77.2,ヨーロッパ,アゼルバイジャン
オーストラリア,FW,ニシャン・ベルピライ,メルボルン・ビクトリー,679,77.2,オセアニア,オーストラリア
カーボベルデ,DF,ストピラ,トレエンセ,680,77.1,ヨーロッパ,ポルトガル
オーストラリア,DF,ジェイコブ・イタリアーノ,グラーツァー,689,77,ヨーロッパ,オーストリア
カーボベルデ,MF,ジャミロ・モンテイロ,PECズウォレ,694,77,ヨーロッパ,オランダ
キュラソー,DF,シェレル・フロラヌス,PECズウォレ,694,77,ヨーロッパ,オランダ
ニュージーランド,MF,ライアン・トーマス,ズヴォレ,694,77,ヨーロッパ,オランダ
ニュージーランド,MF,ラクラン・ベイリス,ニューカッスル・ジェッツ,700,76.9,オセアニア,オーストラリア
イラン,MF,アミルモハマド・ラザギニア,エステグラル,701,76.9,アジア,イラン
イラン,DF,サレー・ハルダニ,エステグラル,701,76.9,アジア,イラン
イラン,MF,ルーズベヒ・チェシミ,エステグラル,701,76.9,アジア,イラン
ウズベキスタン,MF,ジャロリディン・マシャリポフ,エステグラル,701,76.9,アジア,イラン
ウズベキスタン,DF,ルスタム・アシュルマトフ,エステグラル,701,76.9,アジア,イラン
ハイチ,FW,デュケンス・ナゾン,エステグラル,701,76.9,アジア,イラン
カナダ,MF,ジョナサン・オソリオ,トロントFC,706,76.9,北中米,カナダ
カナダ,DF,リッチー・ラリア,トロントFC,706,76.9,北中米,カナダ
ハイチ,FW,デリック・エティエンヌJr.,トロントFC,706,76.9,北中米,カナダ
アルジェリア,DF,アシュレフ・アバダ,USMアルジェ,707,76.9,アフリカ,アルジェリア
アルジェリア,GK,ウサマ・ベンボット,USMアルジェ,707,76.9,アフリカ,アルジェリア
オーストラリア,MF,ポール・オコン,シドニーFC,709,76.8,オセアニア,オーストラリア
モロッコ,GK,レダ・タグナウティ,ウィダード・カサブランカ,719,76.8,アフリカ,モロッコ
パラグアイ,MF,マティアス・ガラルサ,アトランタ・ユナイテッド,733,76.6,北中米,アメリカ
パラグアイ,FW,ミゲル・アルミロン,アトランタ・ユナイテッド,733,76.6,北中米,アメリカ
チュニジア,FW,ハゼム・マストゥーリ,ディナモ・マハチカラ,737,76.6,ヨーロッパ,ロシア
チュニジア,GK,アブデルモヒブ・シャマフ,クラブ・アフリカン,743,76.5,アフリカ,チュニジア
チュニジア,FW,フィラス・シャウアト,クラブ・アフリカン,743,76.5,アフリカ,チュニジア
南アフリカ,DF,ブラッドリー・クロス,カイザー・チーフス,750,76.4,アフリカ,南アフリカ
ボスニア・ヘルツェゴビナ,MF,イヴァン・バシッチ,アスタナ,763,76.3,アジア,カザフスタン
パナマ,FW,イスマエル・ディアス,レオン,768,76.3,北中米,メキシコ
イラク,DF,レビン・スラカ,ポートFC,785,76.1,アジア,タイ
ヨルダン,DF,アナス・バダウィ,アル・ファイサリー,786,76.1,アジア,ヨルダン
ヨルダン,GK,ヌール・バニ・アティエ,アル・ファイサリー,786,76.1,アジア,ヨルダン
ヨルダン,DF,フサム・アブ・ダハブ,アル・ファイサリー,786,76.1,アジア,ヨルダン
カタール,MF,アブドゥルアジズ・ハテム,アル・ラーヤン,787,76.1,アジア,カタール
カタール,FW,アフメド・アラエルディン,アル・ラーヤン,787,76.1,アジア,カタール
カタール,MF,ジャッセム・ガベル,アル・ラーヤン,787,76.1,アジア,カタール
カタール,GK,マフムド・アブナダ,アル・ラーヤン,787,76.1,アジア,カタール
イラン,MF,モハマド・ゴルバニ,アル・ワフダ,797,76,アジア,アラブ
メキシコ,GK,ギジェルモ・オチョア,AELリマソル,803,75.9,ヨーロッパ,キプロス
南アフリカ,FW,タペロ・マセコ,AELリマソル,803,75.9,ヨーロッパ,キプロス
サウジアラビア,MF,ハリド・アル・ガンナム,アル・イテファク,807,75.8,ヨーロッパ,サウジアラビア
スコットランド,DF,ジャック・ヘンドリー,アル・イテファク,807,75.8,ヨーロッパ,サウジアラビア
イラク,DF,フランス・ディア・プトロス,ペルシブ・バンドン,810,75.8,アジア,インドネシア
エジプト,DF,タレク・アラー,ZED,815,75.8,アフリカ,エジプト
エジプト,MF,マハムード・サベル,ZED,815,75.8,アフリカ,エジプト
ボスニア・ヘルツェゴビナ,DF,デニス・ハジカドゥニッチ,サンプドリア,819,75.8,ヨーロッパ,イタリア
パナマ,GK,セサル・サムディオ,マラトン,834,75.6,北中米,ホンジュラス
エクアドル,GK,モイセス・ラミレス,AEキフィシア,835,75.6,ヨーロッパ,ギリシャ
キュラソー,FW,ジェレミー・アントニッセ,AEキフィシア,835,75.6,ヨーロッパ,ギリシャ
イラン,MF,アリレザ・ジャハンバクシュ,デンデル,844,75.6,ヨーロッパ,ベルギー
カナダ,DF,リュック・デ・フーゲロールズ,デンデル,844,75.6,ヨーロッパ,ベルギー
イラン,DF,アリ・ネマティ,フーラード,854,75.5,アジア,イラン
イラン,DF,ラミン・レザイーアン,フーラード,854,75.5,アジア,イラン
ヨルダン,GK,アブダラー・アル・ファフーリ,アル・ウィダット,855,75.5,アジア,ヨルダン
ヨルダン,MF,モハメド・アル・ダウド,アル・ウィダット,855,75.5,アジア,ヨルダン
スイス,FW,セドリク・イッテン,デッセルドルフ,856,75.5,ヨーロッパ,ドイツ
サウジアラビア,MF,アラー・アル・ヘジ,NEOM,859,75.5,アジア,サウジアラビア
南アフリカ,MF,スフィフェロ・シトレ,トンデラ,862,75.5,ヨーロッパ,ポルトガル
コンゴ民主共和国,FW,シモン・バンザ,アル・ジャジーラ,877,75.3,アジア,アラブ
チュニジア,GK,アイメン・ダハメン,CSスファクシアン,878,75.3,アフリカ,チュニジア
キュラソー,MF,リヴァノ・コメネンシア,FCチューリッヒ,880,75.3,ヨーロッパ,スイス
イラク,DF,ザイド・タシーン,パフタコール,881,75.3,アジア,ウズベキスタン
ウズベキスタン,MF,アクマル・モズゴボイ,パフタコール,881,75.3,アジア,ウズベキスタン
ウズベキスタン,FW,ドストンベク・ハムダモフ,パフタコール,881,75.3,アジア,ウズベキスタン
ウズベキスタン,DF,ホジャクバル・アリヨノフ,パフタコール,881,75.3,アジア,ウズベキスタン
パナマ,MF,ヨエル・バルセナス,マサトラン,886,75.3,北中米,メキシコ
ハイチ,FW,ヤシン・フォルチュネ,ヴィゼラ,889,75.2,ヨーロッパ,ポルトガル
カーボベルデ,GK,ヴォジーニャ,チャヴェス,894,75.2,ヨーロッパ,ポルトガル
エジプト,GK,モハメド・アラー,エル・グウナ,897,75.2,アフリカ,エジプト
コンゴ民主共和国,MF,アーロン・ツィボラ,キルマーノック,916,75,ヨーロッパ,スコットランド
スコットランド,MF,フィンドレイ・カーティス,キルマーノック,916,75,ヨーロッパ,スコットランド
イラク,DF,アカム・ハシム,アル・ザウラー,920,75,アジア,イラク
イラク,GK,ジャラル・ハッサン,アル・ザウラー,920,75,アジア,イラク
ヨルダン,DF,アブダッラー・ナシブ,アル・ザウラー,920,75,アジア,イラク
ヨルダン,MF,アメル・ジャモス,アル・ザウラー,920,75,アジア,イラク
アルジェリア,FW,アディル・ブルビナ,アル・ドゥハイル,922,75,アジア,カタール
カタール,FW,アルモエズ・アリ,アル・ドゥハイル,922,75,アジア,カタール
カタール,FW,エジミウソン・ジュニオール,アル・ドゥハイル,922,75,アジア,カタール
カタール,MF,カリム・ブディアフ,アル・ドゥハイル,922,75,アジア,カタール
カタール,GK,サラー・ザカリア,アル・ドゥハイル,922,75,アジア,カタール
カタール,DF,スルタン・アル・ブラケ,アル・ドゥハイル,922,75,アジア,カタール
カタール,FW,タフシン・モハメド,アル・ドゥハイル,922,75,アジア,カタール
カーボベルデ,DF,ピコ,シャムロック・ローヴァーズ,931,74.9,ヨーロッパ,アイルランド
カタール,DF,ホマム・アルアミン・アフメド,クルトゥラル・レオネサ,934,74.9,ヨーロッパ,スペイン
ヨルダン,FW,アリ・アザイゼ,アル・シャバブ,959,74.7,アジア,サウジアラビア
パナマ,MF,セサル・ヤニス,コブレサル,962,74.7,南アメリカ,チリ
ハイチ,GK,アレクサンドル・ピエール,ソショー,967,74.6,ヨーロッパ,フランス
カーボベルデ,MF,ヤニック・セメド,ファレンセ,1001,74.4,ヨーロッパ,ポルトガル
メキシコ,GK,カルロス・アセベド,サントス・ラグナ,1012,74.3,北中米,メキシコ
モロッコ,DF,マルワン・サーダン,アル・ファトフ,1017,76.1,アジア,サウジアラビア
ガーナ,GK,ジョセフ・アナン,セント・パトリックス・アスレティック,1021,74.2,ヨーロッパ,アイルランド
チュニジア,DF,ラエド・シカウイ,USモナスティール,1041,74,アフリカ,チュニジア
ハイチ,DF,マルタン・エクスペリエンス,ナンシー,1049,73.9,ヨーロッパ,フランス
イラク,FW,アリ・ユセフ,アル・タラバ,1058,73.9,アジア,イラク
イラク,MF,ザイド・イスマイル,アル・タラバ,1058,73.9,アジア,イラク
イラク,GK,ファハド・タリブ,アル・タラバ,1058,73.9,アジア,イラク
パナマ,GK,オルランド・モスケラ,アル・フェイハ,1066,73.8,アジア,サウジアラビア
パナマ,FW,アルベルト・キンテロ,プラサ・アマドル,1101,73.6,北中米,パナマ
パナマ,DF,エリック・デイビス,プラサ・アマドル,1101,73.6,北中米,パナマ
カナダ,GK,オーウェン・グッドマン,バーンズリー,1108,73.6,ヨーロッパ,イングランド
ニュージーランド,FW,コスタ・バルバルセス,ウェスタン・シドニー・ワンダラーズ,1131,73.4,オセアニア,オーストラリア
ニュージーランド,MF,アレックス・ルーファー,ウェリントン・フェニックス,1137,73.4,オセアニア,ニュージーランド
ニュージーランド,FW,サープリート・シン,ウェリントン・フェニックス,1137,73.4,オセアニア,ニュージーランド
ニュージーランド,DF,ティム・ペイン,ウェリントン・フェニックス,1137,73.4,オセアニア,ニュージーランド
ウズベキスタン,GK,アブドゥヴォヒド・ネマトフ,ナサフ,1146,73.3,アジア,ウズベキスタン
ウズベキスタン,DF,ウマル・エシュムロドフ,ナサフ,1146,73.3,アジア,ウズベキスタン
ウズベキスタン,DF,シェルゾド・ナスルラエフ,ナサフ,1146,73.3,アジア,ウズベキスタン
イラン,DF,ダニアル・エイリ,マラヴァーン,1155,73.2,アジア,イラン
南アフリカ,DF,タバン・マトゥルディ,ポロクワネ・シティ,1159,73.2,アフリカ,南アフリカ
コンゴ民主共和国,MF,ガエル・カクタ,ラリッサ,1171,73.1,ヨーロッパ,ギリシャ
コンゴ民主共和国,DF,ディラン・バトゥビンシカ,ラリッサ,1171,73.1,ヨーロッパ,ギリシャ
ガーナ,GK,ベンジャミン・アサレ,ハーツ・オブ・オーク,1184,73,アフリカ,ガーナ
ニュージーランド,FW,マット・ガーベット,ピーターバラ・ユナイテッド,1188,73,ヨーロッパ,イングランド
ハイチ,GK,ジョニー・ブラシド,バスティア,1193,73,ヨーロッパ,フランス
ニュージーランド,FW,ベン・ウェイン,ポート・ヴェイル,1208,72.9,ヨーロッパ,イングランド
チュニジア,DF,モウタズ・ネファティ,ノルシェーピング,1211,72.9,ヨーロッパ,スウェーデン
南アフリカ,GK,リカルド・ゴス,シウェレレ,1224,72.8,アフリカ,南アフリカ
ニュージーランド,GK,アレックス・ポールセン,レヒア・グダニスク,1254,72.5,ヨーロッパ,ポーランド
パナマ,MF,クリスティアン・マルティネス,イロニ・キリヤット・シュモナ,1304,72.2,アジア,イスラエル
ウズベキスタン,DF,アバズベク・ウルマサリエフ,AGMK,1308,72.2,アジア,ウズベキスタン
キュラソー,MF,アルジャニ・マルタ,ロザラム・ユナイテッド,1316,72.1,ヨーロッパ,イングランド
オーストラリア,DF,ジェイソン・ゲリア,アルビレックス新潟,1355,71.9,アジア,日本
パナマ,DF,エドガルド・ファリーニャ,パリ・ニジニ・ノヴゴロド,1365,71.8,ヨーロッパ,ロシア
カタール,MF,モハメド・アル・マナイ,アル・シャマル,1389,71.7,アジア,カタール
カーボベルデ,DF,ケルビン・ピレス,SJK,1399,71.6,ヨーロッパ,フィンランド
チュニジア,GK,サブリ・ベン・ヘッセン,エトワール・サヘル,1419,71.5,アフリカ,チュニジア
キュラソー,MF,ジュニーニョ・バクーナ,フォレンダム,1445,71.3,ヨーロッパ,オランダ
キュラソー,FW,ブランドリー・クワス,フォレンダム,1445,71.3,ヨーロッパ,オランダ
イラク,FW,アイメン・フセイン,アル・カルマ,1465,71.2,アジア,イラク
イラク,DF,アフメド・マクンジ,アル・カルマ,1465,71.2,アジア,イラク
ヨルダン,MF,イブラヒム・サデ,アル・カルマ,1465,71.2,アジア,イラク
ヨルダン,DF,モハメド・アブ・ハシーシュ,アル・カルマ,1465,71.2,アジア,イラク
キュラソー,DF,ジョシュア・ブレネト,カイセリスポル,1475,71.1,ヨーロッパ,トルコ
ヨルダン,MF,ヌール・アル・ラワブデ,セランゴール,1476,71.1,アジア,マレーシア
ヨルダン,DF,モハメド・アブ・アル・ナディ,セランゴール,1476,71.1,アジア,マレーシア
カタール,FW,アフメド・アル・ガネヒ,アル・ガラファ,1477,71.1,アジア,カタール
カタール,DF,アユブ・アル・ウイ,アル・ガラファ,1477,71.1,アジア,カタール
カタール,FW,モハメド・ムンタリ,アル・ガラファ,1477,71.1,アジア,カタール
ハイチ,MF,ウーデンスキー・ピエール,ヴァイオレット,1479,71.1,北中米,ハイチ
オーストラリア,FW,アジュディン・フルスティッチ,ヘラクレス,1548,70.7,ヨーロッパ,オランダ
カタール,MF,アフメド・ファトヒー,アル・アラビ,1556,70.6,アジア,カタール
カタール,DF,イッサ・ライェ,アル・アラビ,1556,70.6,アジア,カタール
カタール,DF,ハシェミ・アル・フサイン,アル・アラビ,1556,70.6,アジア,カタール
韓国,DF,パク・ジンソプ,浙江FC,1572,70.5,アジア,中国
キュラソー,MF,ゴドフリート・ルメラトゥ,RKCワールウェイク,1593,70.4,ヨーロッパ,オランダ
キュラソー,DF,ロション・ファン・エイマ,RKCワールウェイク,1593,70.4,ヨーロッパ,オランダ
エジプト,MF,ハムディ・ファティ,アル・ワクラ,1616,70.3,アジア,カタール
カタール,MF,アッシム・マディボ,アル・ワクラ,1616,70.3,アジア,カタール
カタール,FW,ユスフ・アブドゥリサグ,アル・ワクラ,1616,70.3,アジア,カタール
カタール,DF,ルーカス・メンデス,アル・ワクラ,1616,70.3,アジア,カタール
ハイチ,FW,ルーベン・プロヴィデンス,アルメレ・シティ,1625,70.2,ヨーロッパ,オランダ
ウズベキスタン,MF,オタベク・シュクロフ,バニーヤース,1662,70,アジア,アラブ
ウズベキスタン,DF,ジャホンギル・ウロゾフ,ディナモ・サマルカンド,1708,69.8,アジア,ウズベキスタン
ヨルダン,MF,ニザール・アル・ラシュダン,カタールSC,1788,69.4,アジア,カタール
イラン,MF,サマン・ゴドス,アル・イテハド・カルバ,1849,69.1,アジア,アラブ
イラン,FW,シャフリヤール・モガンロウ,アル・イテハド・カルバ,1849,69.1,アジア,アラブ
キュラソー,DF,ユリエン・ガーリア,アブハー,1860,69,アジア,サウジアラビア
エジプト,MF,"ナビル・エマド・""ドンガ""",アル・ナジマ,1861,69,アジア,サウジアラビア
ウズベキスタン,FW,アジズベク・アモノフ,ブハラ,2014,68.4,アジア,ウズベキスタン
ウズベキスタン,MF,シェルゾド・エサノフ,ブハラ,2014,68.4,アジア,ウズベキスタン
カーボベルデ,FW,ライアン・メンデス,イディルFK,2050,68.2,ヨーロッパ,トルコ
イラク,MF,イブラーヒム・バイェッシュ,アル・ダフラ,2054,68.2,アジア,アラブ
ウズベキスタン,DF,ベフルズ・カリモフ,スルホン,2156,67.8,アジア,ウズベキスタン
サウジアラビア,GK,モハメド・アル・オワイス,アル・ウラー,2169,67.7,アジア,サウジアラビア
ハイチ,MF,ガーヴェン・メトゥサラ,コロラドスプリングス・スウィッチバックス,2245,67.5,北中米,アメリカ
ハイチ,DF,デューク・ラクロワ,コロラドスプリングス・スウィッチバックス,2245,67.5,北中米,アメリカ
キュラソー,FW,ヘルファネ・カスタネール,トレンガヌ,2313,67.2,アジア,マレーシア
ヨルダン,FW,アリ・オルワン,アル・スィーリーヤ,2326,67.1,アジア,カタール
キュラソー,MF,ケヴィン・フェリダ,デン・ボッシュ,2413,66.8,ヨーロッパ,オランダ
キュラソー,GK,トレヴァー・ドーンブッシュ,VVVフェンロ,2560,66.3,ヨーロッパ,オランダ
アルジェリア,GK,メルヴィン・マスティル,スタッド・ニヨン,2866,65.1,ヨーロッパ,スイス
ハイチ,MF,カル・フレッド・サント,エルパソ・ロコモティヴ,2889,65,北中米,アメリカ
キュラソー,GK,エロイ・ローム,マイアミFC,3129,64.1,北中米,アメリカ
キュラソー,FW,ユルゲン・ロカディア,マイアミFC,3129,64.1,北中米,アメリカ
ハイチ,MF,ドミニク・シモン,タトラン・プレショフ,3392,63.2,ヨーロッパ,スロバキア
ウズベキスタン,MF,アジズジョン・ガニエフ,アル・バタエ,3926,61.3,アジア,アラブ
カーボベルデ,DF,ディネイ,アル・バタエ,3926,61.3,アジア,アラブ
ウズベキスタン,DF,アブドゥラー・アブドゥラエフ,ディバ,4089,60.8,アジア,アラブ
カーボベルデ,GK,マルシオ・ロサ,FCモンタナ,4278,60.1,ヨーロッパ,ブルガリア
ニュージーランド,DF,トミー・スミス,ブレインツリー・タウン,6518,53.6,ヨーロッパ,イングランド
